2018/11/30,13.2,8,1,8.7,8,1,19.0,8,1,0,1,8,1,8.1,0,8,1,0,1,8,1,0,1,8,1,1.8,8,1,4.1,8,ñkêº,8,1,10.4,8,1,1023.4,8,1,69,8,1,47,8,1,5.3,8,1,11.31,8,1,6.4,8,ñkêº,8,1,ìÏìÏìå,8,1,1025.2,8,1,1023.8,0,8,1
2018/12/1,13.9,8,1,10.9,8,1,18.8,8,1,0,1,8,1,6.3,0,8,1,0,1,8,1,0,1,8,1,1.9,8,1,6.1,8,ñk,8,1,11.0,8,1,1023.3,8,1,70,8,1,49,8,1,7.5,8,1,10.31,8,1,8.9,8,ñk,8,1,ìÏìå,8,1,1025.1,8,1,1023.6,0,8,1
2018/12/2,14.8,8,1,9.8,8,1,21.3,8,1,1.0,0,8,1,4.8,0,8,1,0,1,8,1,0,1,8,1,1.7,8,1,3.8,8,ìÏìå,8,1,12.9,8,1,1021.7,8,1,77,8,1,44,8,1,6.0,8,1,8.13,8,1,6.6,8,ìå,8,1,ìåìÏìå,8,1,1023.5,8,1,1021.0,0,8,1
2018/12/3,18.0,8,1,15.6,8,1,20.2,8,1,22.0,0,8,1,0.0,0,8,1,0,1,8,1,0,1,8,1,3.0,8,1,5.4,8,ìÏìå,8,1,17.9,8,1,1017.0,8,1,87,8,1,79,8,1,9.5,8,1,4.17,8,1,10.2,8,ìÏìÏìå,8,1,ìÏìå,8,1,1018.8,8,1,1016.3,0,8,1
2018/12/4,19.7,8,1,16.3,8,1,26.0,8,1,1.0,0,8,1,3.0,0,8,1,0,1,8,1,0,1,8,1,3.8,8,1,8.6,8,ìÏìÏêº,8,1,18.9,8,1,1013.3,8,1,83,8,1,59,8,1,9.5,8,1,7.08,8,1,15.8,8,ìÏêº,8,1,ñk,8,1,1015.1,8,1,1011.3,0,8,1
2018/12/5,15.7,8,1,12.9,8,1,17.9,8,1,0,1,8,1,5.2,0,8,1,0,1,8,1,0,1,8,1,3.8,8,1,7.1,8,ñk,8,1,11.6,8,1,1019.6,8,1,65,8,1,45,8,1,5.8,8,1,9.08,8,1,10.8,8,ñkñkêº,8,1,ñk,8,1,1021.4,8,1,1019.2,0,8,1
2018/12/6,14.0,8,1,12.2,8,1,15.3,8,1,4.0,0,8,1,0.0,0,8,1,0,1,8,1,0,1,8,1,2.8,8,1,7.3,8,ñkñkêº,8,1,12.7,8,1,1016.0,8,1,79,8,1,63,8,1,10.0,8,1,1.40,8,1,12.8,8,ñkñkêº,8,1,ñkêº,8,1,1017.8,8,1,1016.1,0,8,1
2018/12/7,9.3,8,1,5.5,8,1,13.1,8,1,0.0,0,8,1,0.0,0,8,1,0,1,8,1,0,1,8,1,5.1,8,1,8.0,8,ñkñkêº,8,1,7.2,8,1,1023.2,8,1,59,8,1,44,8,1,10.0,8,1,1.79,8,1,13.9,8,ñk,8,1,ñkñkêº,8,1,1025.0,8,1,1020.1,0,8,1
2018/12/8,6.0,8,1,4.4,8,1,7.7,8,1,0.0,0,8,1,3.7,0,8,1,0,1,8,1,0,1,8,1,5.2,8,1,7.9,8,ñkñkêº,8,1,4.9,8,1,1027.7,8,1,52,8,1,40,8,1,9.0,8,1,8.14,8,1,13.3,8,ñkñkêº,8,1,ñkñkêº,8,1,1029.6,8,1,1028.2,0,8,1
2018/12/9,5.6,8,1,4.2,8,1,8.1,8,1,0.0,0,8,1,0.3,0,8,1,0,1,8,1,0,1,8,1,3.9,8,1,7.6,8,ñkñkêº,8,1,4.8,8,1,1029.5,8,1,53,8,1,44,8,1,9.3,8,1,4.85,8,1,12.5,8,ñkñkêº,8,1,ñk,8,1,1031.4,8,1,1030.1,0,8,1
2018/12/10,7.1,8,1,4.0,8,1,11.1,8,1,0,1,8,1,3.6,0,8,1,0,1,8,1,0,1,8,1,1.5,8,1,3.8,8,ñkìå,8,1,6.2,8,1,1027.8,8,1,62,8,1,47,8,1,5.5,8,1,7.25,8,1,6.8,8,ìåñkìå,8,1,ìÏìÏìå,8,1,1029.7,8,1,1028.0,0,8,1
2018/12/11,8.5,8,1,4.7,8,1,10.0,8,1,14.0,0,8,1,0.0,0,8,1,0,1,8,1,0,1,8,1,1.6,8,1,3.9,8,ìåìÏìå,8,1,9.6,8,1,1021.2,8,1,85,8,1,62,8,1,10.0,8,1,1.66,8,1,7.2,8,ìÏìå,8,1,ìÏìå,8,1,1023.1,8,1,1019.5,0,8,1
2018/12/12,10.0,8,1,8.2,8,1,12.0,8,1,1.5,0,8,1,1.5,0,8,1,0,1,8,1,0,1,8,1,5.1,8,1,9.6,8,ñk,8,1,7.9,8,1,1021.6,8,1,64,8,1,48,8,1,9.0,8,1,5.23,8,1,14.9,8,ñk,8,1,ñk,8,1,1023.5,8,1,1020.1,0,8,1
2018/12/13,7.9,8,1,4.9,8,1,10.2,8,1,0.0,0,8,1,0.7,0,8,1,0,1,8,1,0,1,8,1,2.4,8,1,6.4,8,êºñkêº,8,1,6.4,8,1,1025.2,8,1,61,8,1,46,8,1,8.8,8,1,3.28,8,1,10.5,8,êº,8,1,êºñkêº,8,1,1027.1,8,1,1025.8,0,8,1
2018/12/14,8.2,8,1,6.6,8,1,10.4,8,1,0.0,0,8,1,4.3,0,8,1,0,1,8,1,0,1,8,1,3.5,8,1,7.1,8,ñk,8,1,5.8,8,1,1028.0,8,1,54,8,1,41,8,1,7.8,8,1,8.06,8,1,10.9,8,ñk,8,1,ñk,8,1,1029.9,8,1,1027.8,0,8,1
2018/12/15,7.7,8,1,3.2,8,1,13.0,8,1,0,1,8,1,8.8,0,8,1,0,1,8,1,0,1,8,1,1.4,8,1,3.0,8,ñkñkêº,8,1,6.8,8,1,1028.0,8,1,65,8,1,46,8,1,2.8,8,1,12.24,8,1,4.4,8,ìÏìå,8,1,ìÏìå,8,1,1029.8,8,1,1027.2,0,8,1
2018/12/16,8.3,8,1,4.6,8,1,10.3,8,1,10.0,0,8,1,0.0,0,8,1,0,1,8,1,0,1,8,1,1.9,8,1,5.0,8,ìÏìå,8,1,9.3,8,1,1018.7,8,1,84,8,1,66,8,1,8.0,8,1,1.61,8,1,7.5,8,ìÏìå,8,1,ìÏìÏìå,8,1,1020.5,8,1,1015.4,0,8,1
2018/12/17,10.4,8,1,8.1,8,1,12.2,8,1,0.0,0,8,1,2.4,0,8,1,0,1,8,1,0,1,8,1,4.1,8,1,7.2,8,êºñkêº,8,1,7.4,8,1,1015.2,8,1,60,8,1,43,8,1,7.0,8,1,5.89,8,1,15.5,8,ñkñkêº,8,1,êºñkêº,8,1,1017.0,8,1,1014.8,0,8,1
2018/12/18,9.8,8,1,6.9,8,1,12.0,8,1,0.0,0,8,1,1.3,0,8,1,0,1,8,1,0,1,8,1,2.9,8,1,5.5,8,ñkêº,8,1,6.7,8,1,1019.6,8,1,55,8,1,44,8,1,6.8,8,1,3.76,8,1,10.5,8,ñkêº,8,1,êº,8,1,1021.4,8,1,1019.5,0,8,1
2018/12/19,10.3,8,1,4.8,8,1,16.8,8,1,0,1,8,1,4.9,0,8,1,0,1,8,1,0,1,8,1,1.9,8,1,4.8,8,êºìÏêº,8,1,8.5,8,1,1020.9,8,1,68,8,1,47,8,1,4.8,8,1,8.83,8,1,8.9,8,êºìÏêº,8,1,ìÏìå,8,1,1022.7,8,1,1021.3,0,8,1
2018/12/20,12.9,8,1,10.4,8,1,15.5,8,1,2.5,0,8,1,0.0,0,8,1,0,1,8,1,0,1,8,1,1.9,8,1,4.2,8,ñk,8,1,11.8,8,1,1020.4,8,1,79,8,1,67,8,1,10.0,8,1,4.10,8,1,9.3,8,ñkñkêº,8,1,ìÏìå,8,1,1022.2,8,1,1020.3,0,8,1
2018/12/21,13.0,8,1,8.9,8,1,15.2,8,1,0.5,0,8,1,0.1,0,8,1,0,1,8,1,0,1,8,1,1.3,8,1,3.5,8,ñk,8,1,12.9,8,1,1018.8,8,1,86,8,1,71,8,1,8.0,8,1,3.38,8,1,5.5,8,ìÏìå,8,1,ìåìÏìå,8,1,1020.6,8,1,1019.1,0,8,1
2018/12/22,14.5,8,1,12.6,8,1,18.1,8,1,0.0,0,8,1,3.0,0,8,1,0,1,8,1,0,1,8,1,1.9,8,1,5.4,8,ñk,8,1,13.8,8,1,1018.2,8,1,84,8,1,65,8,1,8.3,8,1,7.12,8,1,7.9,8,ñk,8,1,ñk,8,1,1020.0,8,1,1018.8,0,8,1
2018/12/23,12.3,8,1,9.7,8,1,13.2,8,1,8.0,0,8,1,0.0,0,8,1,0,1,8,1,0,1,8,1,2.7,8,1,7.0,8,ñk,8,1,11.4,8,1,1017.7,8,1,79,8,1,47,8,1,7.5,8,1,1.17,8,1,12.4,8,ñk,8,1,ñk,8,1,1019.5,8,1,1017.3,0,8,1
2018/12/24,9.5,8,1,5.0,8,1,12.4,8,1,0,1,8,1,6.8,0,8,1,0,1,8,1,0,1,8,1,3.0,8,1,5.7,8,ñkñkêº,8,1,6.5,8,1,1021.7,8,1,55,8,1,42,8,1,2.0,8,1,10.66,8,1,9.5,8,ñkêº,8,1,ñkñkêº,8,1,1023.5,8,1,1021.4,0,8,1
2018/12/25,8.6,8,1,3.6,8,1,13.6,8,1,0,1,8,1,7.7,0,8,1,0,1,8,1,0,1,8,1,1.9,8,1,4.5,8,ñkñkêº,8,1,6.8,8,1,1020.8,8,1,62,8,1,38,8,1,4.8,8,1,11.95,8,1,6.7,8,ñkñkêº,8,1,ìÏìÏìå,8,1,1022.7,8,1,1019.8,0,8,1
2018/12/26,9.9,8,1,8.5,8,1,11.4,8,1,2.5,0,8,1,0.0,0,8,1,0,1,8,1,0,1,8,1,1.7,8,1,5.0,8,ñk,8,1,8.9,8,1,1017.8,8,1,73,8,1,57,8,1,10.0,8,1,1.08,8,1,7.7,8,ñk,8,1,ñkñkìå,8,1,1019.6,8,1,1017.4,0,8,1
2018/12/27,9.1,8,1,5.6,8,1,11.5,8,1,0,1,8,1,8.0,0,8,1,0,1,8,1,0,1,8,1,5.7,8,1,8.2,8,ñkêº,8,1,5.4,8,1,1019.3,8,1,46,8,1,33,8,1,3.0,8,1,11.84,8,1,13.8,8,ñkêº,8,1,ñkñkêº,8,1,1021.1,8,1,1018.0,0,8,1
2018/12/28,3.8,8,1,2.3,8,1,5.8,8,1,0.0,0,8,1,2.6,0,8,1,0,1,8,1,0,1,8,1,5.6,8,1,10.0,8,ñkñkêº,8,1,3.8,8,1,1023.8,8,1,47,8,1,33,8,1,6.5,8,1,6.95,8,1,15.4,8,ñkñkêº,8,1,ñkñkêº,8,1,1025.7,8,1,1022.4,0,8,1
2018/12/29,4.9,8,1,4.2,8,1,6.0,8,1,0.0,0,8,1,4.0,0,8,1,0,1,8,1,0,1,8,1,5.3,8,1,9.9,8,ñkêº,8,1,4.1,8,1,1027.7,8,1,48,8,1,35,8,1,7.3,8,1,7.91,8,1,16.3,8,ñkñkêº,8,1,ñkñkêº,8,1,1029.6,8,1,1026.8,0,8,1
2018/12/30,4.9,8,1,3.6,8,1,6.3,8,1,0.0,0,8,1,0.5,0,8,1,0,1,8,1,0,1,8,1,2.9,8,1,6.1,8,ñkêº,8,1,5.0,8,1,1030.4,8,1,57,8,1,47,8,1,9.0,8,1,3.25,8,1,11.5,8,ñk,8,1,ñkñkêº,8,1,1032.3,8,1,1030.4,0,8,1
2018/12/31,6.6,8,1,3.9,8,1,11.1,8,1,0,1,8,1,7.6,0,8,1,0,1,8,1,0,1,8,1,1.8,8,1,4.2,8,ñkìå,8,1,5.7,8,1,1030.4,8,1,59,8,1,39,8,1,4.8,8,1,11.72,8,1,7.7,8,ñk,8,1,ìÏìå,8,1,1032.3,8,1,1030.2,0,8,1
2019/1/1,6.8,8,1,4.0,8,1,8.8,8,1,0.0,0,8,1,1.3,0,8,1,0,1,8,1,0,1,8,1,3.1,8,1,6.2,8,êºñkêº,8,1,6.2,8,1,1028.1,8,1,63,8,1,47,8,1,9.3,8,1,3.51,8,1,11.5,8,êºñkêº,8,1,êº,8,1,1030.0,8,1,1028.7,0,8,1
2019/1/2,6.0,8,1,2.1,8,1,9.0,8,1,0.0,0,8,1,6.0,0,8,1,0,1,8,1,0,1,8,1,3.1,8,1,6.6,8,ñkêº,8,1,5.0,8,1,1028.8,8,1,54,8,1,39,8,1,5.5,8,1,10.51,8,1,10.5,8,ñkñkêº,8,1,ñkñkêº,8,1,1030.7,8,1,1029.5,0,8,1
2019/1/3,5.4,8,1,1.8,8,1,11.3,8,1,0,1,8,1,8.5,0,8,1,0,1,8,1,0,1,8,1,1.9,8,1,5.1,8,ñk,8,1,5.4,8,1,1029.7,8,1,62,8,1,38,8,1,0.8,8,1,12.73,8,1,7.5,8,ñk,8,1,ìÏìÏìå,8,1,1031.6,8,1,1029.9,0,8,1
2019/1/4,6.9,8,1,1.6,8,1,10.7,8,1,0.0,0,8,1,3.7,0,8,1,0,1,8,1,0,1,8,1,1.5,8,1,3.1,8,ìÏìÏìå,8,1,5.9,8,1,1027.4,8,1,60,8,1,35,8,1,5.3,8,1,7.66,8,1,5.4,8,ìÏìå,8,1,ìÏìå,8,1,1029.3,8,1,1024.5,0,8,1
2019/1/5,8.2,8,1,4.6,8,1,11.9,8,1,1.0,0,8,1,1.5,0,8,1,0,1,8,1,0,1,8,1,1.7,8,1,4.6,8,ñkñkêº,8,1,8.3,8,1,1020.7,8,1,77,8,1,55,8,1,9.3,8,1,4.86,8,1,6.9,8,ñk,8,1,ñkñkêº,8,1,1022.6,8,1,1020.8,0,8,1
2019/1/6,8.6,8,1,4.4,8,1,13.2,8,1,0.0,0,8,1,5.5,0,8,1,0,1,8,1,0,1,8,1,1.7,8,1,5.3,8,ñk,8,1,7.0,8,1,1021.9,8,1,65,8,1,37,8,1,7.3,8,1,9.21,8,1,8.1,8,ñk,8,1,ìÏìÏêº,8,1,1023.7,8,1,1021.9,0,8,1
2019/1/7,7.9,8,1,3.4,8,1,13.3,8,1,0,1,8,1,9.0,0,8,1,0,1,8,1,0,1,8,1,1.9,8,1,5.2,8,ñk,8,1,6.5,8,1,1023.1,8,1,64,8,1,30,8,1,3.3,8,1,12.89,8,1,7.3,8,ñk,8,1,ìÏìÏìå,8,1,1025.0,8,1,1023.8,0,8,1
2019/1/8,8.4,8,1,5.1,8,1,11.3,8,1,0,1,8,1,1.7,0,5,1,0,1,8,1,0,1,8,1,2.5,5,1,7.1,8,ñkêº,8,1,6.7,8,1,1021.8,8,1,61,8,1,43,8,1,8.5,8,1,5.30,5,1,11.6,8,ñkêº,8,1,ìÏìå,8,1,1023.7,8,1,1022.0,0,8,1
2019/1/9,7.0,8,1,4.8,8,1,9.3,8,1,0.0,0,8,1,0.7,0,8,1,0,1,8,1,0,1,8,1,3.7,8,1,9.4,8,ñkñkêº,8,1,5.7,8,1,1026.6,8,1,57,8,1,44,8,1,7.5,8,1,5.00,8,1,14.0,8,ñk,8,1,ñk,8,1,1028.5,8,1,1024.8,0,8,1
2019/1/10,6.9,8,1,5.2,8,1,9.5,8,1,0.0,0,8,1,0.0,0,8,1,0,1,8,1,0,1,8,1,1.5,8,1,3.6,8,ìÏìå,8,1,7.0,8,1,1021.9,8,1,70,8,1,60,8,1,9.3,8,1,1.31,8,1,6.8,8,êºìÏêº,8,1,ìÏìå,8,1,1023.8,8,1,1021.8,0,8,1
2019/1/11,8.4,8,1,5.8,8,1,11.9,8,1,0,1,8,1,1.7,0,8,1,0,1,8,1,0,1,8,1,1.2,8,1,2.3,8,ìÏìå,8,1,7.7,8,1,1020.8,8,1,71,8,1,54,8,1,9.8,8,1,6.86,8,1,3.9,8,ìÏìå,8,1,ìÏìÏìå,8,1,1022.7,8,1,1019.0,0,8,1
2019/1/12,9.8,8,1,6.8,8,1,13.3,8,1,2.0,0,8,1,4.5,0,8,1,0,1,8,1,0,1,8,1,1.5,8,1,3.3,8,ñkñkêº,8,1,8.8,8,1,1017.3,8,1,73,8,1,50,8,1,9.0,8,1,10.50,8,1,5.2,8,ìÏìå,8,1,ìÏìå,8,1,1019.1,8,1,1017.7,0,8,1
2019/1/13,10.6,8,1,6.7,8,1,13.2,8,1,3.5,0,8,1,1.2,0,8,1,0,1,8,1,0,1,8,1,2.4,8,1,6.7,8,ñkêº,8,1,10.3,8,1,1018.9,8,1,81,8,1,63,8,1,7.8,8,1,6.00,8,1,11.6,8,ñkêº,8,1,ñk,8,1,1020.7,8,1,1019.2,0,8,1
2019/1/14,9.1,8,1,5.6,8,1,14.1,8,1,0.0,0,8,1,6.7,0,8,1,0,1,8,1,0,1,8,1,1.5,8,1,4.0,8,ñk,8,1,8.6,8,1,1021.4,8,1,76,8,1,52,8,1,6.5,8,1,11.77,8,1,5.5,8,ñk,8,1,ìÏìÏìå,8,1,1023.2,8,1,1022.0,0,8,1
2019/1/15,9.1,8,1,6.7,8,1,11.0,8,1,0.0,0,8,1,0.2,0,8,1,0,1,8,1,0,1,8,1,2.6,8,1,5.0,8,ñkêº,8,1,7.6,8,1,1019.3,8,1,66,8,1,52,8,1,8.0,8,1,3.42,8,1,9.7,8,ñkêº,8,1,ìÏìå,8,1,1021.1,8,1,1019.9,0,8,1
2019/1/16,6.2,8,1,3.7,8,1,9.2,8,1,0.0,0,8,1,3.5,0,8,1,0,1,8,1,0,1,8,1,3.2,8,1,5.5,8,êºñkêº,8,1,5.4,8,1,1020.5,8,1,57,8,1,46,8,1,8.3,8,1,8.45,8,1,11.9,8,ñkêº,8,1,êºñkêº,8,1,1022.4,8,1,1020.9,0,8,1
2019/1/17,6.1,8,1,2.5,8,1,8.8,8,1,0.0,0,8,1,3.9,0,8,1,0,1,8,1,0,1,8,1,2.9,8,1,6.2,8,ñkêº,8,1,5.7,8,1,1020.1,8,1,61,8,1,48,8,1,6.5,8,1,8.32,8,1,10.2,8,ñkêº,8,1,êºñkêº,8,1,1021.9,8,1,1020.2,0,8,1
2019/1/18,7.8,8,1,3.8,8,1,12.6,8,1,0,1,8,1,8.9,0,8,1,0,1,8,1,0,1,8,1,1.8,8,1,4.8,8,ñk,8,1,6.7,8,1,1024.2,8,1,63,8,1,47,8,1,4.8,8,1,13.32,8,1,6.5,8,ñkñkêº,8,1,ìÏìÏìå,8,1,1026.0,8,1,1024.3,0,8,1
2019/1/19,9.1,8,1,4.2,8,1,14.0,8,1,0.0,0,8,1,5.3,0,8,1,0,1,8,1,0,1,8,1,2.1,8,1,4.3,8,ìÏìÏìå,8,1,7.4,8,1,1021.1,8,1,64,8,1,42,8,1,5.3,8,1,10.08,8,1,7.1,8,ìÏ,8,1,ìÏìÏìå,8,1,1022.9,8,1,1017.1,0,8,1
2019/1/20,11.5,8,1,8.5,8,1,14.8,8,1,6.0,0,8,1,5.2,0,8,1,0,1,8,1,0,1,8,1,3.6,8,1,8.1,8,ñkêº,8,1,8.9,8,1,1015.4,8,1,64,8,1,43,8,1,6.8,8,1,9.64,8,1,12.7,8,ìÏìÏêº,8,1,êºñkêº,8,1,1017.2,8,1,1013.7,0,8,1
2019/1/21,7.7,8,1,5.5,8,1,10.4,8,1,0,1,8,1,8.6,0,8,1,0,1,8,1,0,1,8,1,3.4,8,1,6.4,8,ñkêº,8,1,5.5,8,1,1018.9,8,1,53,8,1,35,8,1,4.0,8,1,13.91,8,1,10.4,8,ñkêº,8,1,ñkêº,8,1,1020.8,8,1,1019.4,0,8,1
2019/1/22,8.6,8,1,5.6,8,1,12.1,8,1,0,1,8,1,8.2,0,8,1,0,1,8,1,0,1,8,1,2.5,8,1,5.5,8,ñkñkêº,8,1,6.5,8,1,1017.6,8,1,59,8,1,40,8,1,5.3,8,1,12.82,8,1,8.2,8,êº,8,1,ñkñkêº,8,1,1019.5,8,1,1018.6,0,8,1
2019/1/23,9.6,8,1,4.9,8,1,13.9,8,1,0,1,8,1,9.1,0,8,1,0,1,8,1,0,1,8,1,2.5,8,1,6.2,8,êºìÏêº,8,1,7.0,8,1,1017.5,8,1,59,8,1,40,8,1,2.3,8,1,13.85,8,1,11.6,8,êºìÏêº,8,1,êºìÏêº,8,1,1019.3,8,1,1018.4,0,8,1
2019/1/24,9.2,8,1,4.8,8,1,13.9,8,1,0,1,8,1,7.5,0,8,1,0,1,8,1,0,1,8,1,1.9,8,1,5.6,8,ñkêº,8,1,7.6,8,1,1019.3,8,1,66,8,1,47,8,1,5.8,8,1,12.73,8,1,8.4,8,êºñkêº,8,1,ìÏìÏìå,8,1,1021.2,8,1,1019.3,0,8,1
2019/1/25,8.6,8,1,4.2,8,1,13.2,8,1,0.0,0,8,1,6.9,0,8,1,0,1,8,1,0,1,8,1,2.8,8,1,5.5,8,êºñkêº,8,1,6.3,8,1,1018.3,8,1,59,8,1,34,8,1,5.8,8,1,12.26,8,1,11.3,8,êº,8,1,ìÏìÏìå,8,1,1020.1,8,1,1018.2,0,8,1
2019/1/26,5.4,8,1,1.3,8,1,8.3,8,1,11.0,0,8,1,1.4,0,8,1,0,0,8,1,0,1,8,1,6.5,8,1,11.0,8,ñkñkêº,8,1,5.1,8,1,1020.0,8,1,58,8,1,36,8,1,10.0,8,1,5.56,8,1,21.7,8,ñkñkêº,8,1,ñkñkêº,8,1,1021.9,8,1,1018.2,0,8,1
2019/1/27,5.3,8,1,0.6,8,1,11.0,8,1,0,1,8,1,9.3,0,8,1,0,0,8,1,0,1,8,1,1.7,8,1,4.3,8,ìÏìå,8,1,6.0,8,1,1024.5,8,1,69,8,1,42,8,1,1.0,8,1,15.27,8,1,5.7,8,êºñkêº,8,1,ìÏìå,8,1,1026.4,8,1,1024.3,0,8,1
2019/1/28,8.2,8,1,3.7,8,1,11.4,8,1,2.0,0,8,1,1.1,0,8,1,0,1,8,1,0,1,8,1,2.9,8,1,6.0,8,ñkêº,8,1,7.4,8,1,1019.3,8,1,68,8,1,52,8,1,7.0,8,1,3.12,8,1,11.8,8,ñkêº,8,1,ìÏêº,8,1,1021.1,8,1,1018.7,0,8,1
2019/1/29,7.7,8,1,2.9,8,1,12.9,8,1,0,1,8,1,7.2,0,8,1,0,1,8,1,0,1,8,1,2.3,8,1,6.3,8,ñk,8,1,6.5,8,1,1023.3,8,1,63,8,1,45,8,1,4.3,8,1,13.12,8,1,9.5,8,ñkñkêº,8,1,ñk,8,1,1025.1,8,1,1021.8,0,8,1
2019/1/30,8.9,8,1,3.8,8,1,14.1,8,1,0.0,0,8,1,1.7,0,8,1,0,1,8,1,0,1,8,1,1.4,8,1,3.5,8,ñk,8,1,7.4,8,1,1022.1,8,1,66,8,1,48,8,1,7.5,8,1,8.29,8,1,4.3,8,ìÏìå,8,1,ìÏìå,8,1,1024.0,8,1,1020.3,0,8,1
2019/1/31,8.3,8,1,7.2,8,1,9.9,8,1,29.0,0,8,1,0.0,0,8,1,0,1,8,1,0,1,8,1,4.3,8,1,10.7,8,ñkñkêº,8,1,9.8,8,1,1012.9,8,1,89,8,1,68,8,1,10.0,8,1,0.89,8,1,17.6,8,ñk,8,1,ñk,8,1,1014.7,8,1,1010.2,0,8,1
2019/2/1,6.2,8,1,5.2,8,1,8.1,8,1,0.0,0,8,1,4.8,0,8,1,0,1,8,1,0,1,8,1,4.0,8,1,8.0,8,ñkñkêº,8,1,5.1,8,1,1020.1,8,1,54,8,1,42,8,1,8.3,8,1,11.05,8,1,13.8,8,ñkñkêº,8,1,êºñkêº,8,1,1022.0,8,1,1017.9,0,8,1
2019/2/2,7.7,8,1,4.4,8,1,12.5,8,1,0,1,8,1,3.5,0,8,1,0,1,8,1,0,1,8,1,1.7,8,1,3.8,8,ìÏìÏêº,8,1,6.4,8,1,1022.0,8,1,61,8,1,44,8,1,5.8,8,1,8.66,8,1,5.6,8,ìÏìå,8,1,ìÏìå,8,1,1023.8,8,1,1021.8,0,8,1
2019/2/3,13.6,8,1,7.4,8,1,18.9,8,1,3.0,0,8,1,0.0,0,8,1,0,1,8,1,0,1,8,1,3.7,8,1,6.0,8,êº,8,1,12.4,8,1,1013.4,8,1,77,8,1,59,8,1,10.0,8,1,2.43,8,1,13.1,8,êº,8,1,ìÏìå,8,1,1015.2,8,1,1010.5,0,8,1
2019/2/4,10.3,8,1,5.8,8,1,13.5,8,1,0.0,0,8,1,8.9,0,8,1,0,1,8,1,0,1,8,1,3.6,8,1,7.9,8,ñk,8,1,7.7,8,1,1019.9,8,1,62,8,1,41,8,1,6.0,8,1,15.43,8,1,11.3,8,ñk,8,1,ñk,8,1,1021.8,8,1,1015.4,0,8,1
2019/2/5,10.1,8,1,4.1,8,1,16.1,8,1,0.5,0,8,1,7.4,0,8,1,0,1,8,1,0,1,8,1,1.5,8,1,4.0,8,ìÏìå,8,1,7.7,8,1,1019.1,8,1,63,8,1,35,8,1,6.8,8,1,14.38,8,1,7.0,8,ìÏìå,8,1,ìÏìå,8,1,1020.9,8,1,1017.3,0,8,1
2019/2/6,11.9,8,1,9.4,8,1,15.5,8,1,2.5,0,8,1,2.2,0,8,1,0,1,8,1,0,1,8,1,1.7,8,1,4.4,8,ñkêº,8,1,11.6,8,1,1014.2,8,1,84,8,1,60,8,1,6.5,8,1,8.00,8,1,7.9,8,ìÏìå,8,1,ìÏìÏìå,8,1,1016.0,8,1,1013.8,0,8,1
2019/2/7,11.0,8,1,7.7,8,1,14.2,8,1,2.5,0,8,1,0.4,0,8,1,0,1,8,1,0,1,8,1,2.3,8,1,6.6,8,ñk,8,1,11.2,8,1,1014.8,8,1,86,8,1,63,8,1,7.5,8,1,2.32,8,1,10.1,8,ñk,8,1,ìÏìå,8,1,1016.6,8,1,1015.0,0,8,1
2019/2/8,8.3,8,1,6.0,8,1,11.1,8,1,0,1,8,1,1.0,0,8,1,0,1,8,1,0,1,8,1,4.2,8,1,7.6,8,ñk,8,1,6.6,8,1,1018.2,8,1,60,8,1,55,8,1,8.3,8,1,7.59,8,1,12.4,8,ñkñkìå,8,1,ñkñkìå,8,1,1020.0,8,1,1018.0,0,8,1
2019/2/9,6.6,8,1,5.6,8,1,8.7,8,1,3.0,0,8,1,0.6,0,8,1,0,1,8,1,0,1,8,1,3.0,8,1,8.3,8,ñk,8,1,6.4,8,1,1019.7,8,1,66,8,1,45,8,1,9.3,8,1,2.83,8,1,13.1,8,ñk,8,1,ñkñkêº,8,1,1021.6,8,1,1018.8,0,8,1
2019/2/10,8.4,8,1,5.0,8,1,12.3,8,1,0.0,0,8,1,7.2,0,8,1,0,1,8,1,0,1,8,1,2.2,8,1,5.2,8,ñk,8,1,6.5,8,1,1023.4,8,1,60,8,1,43,8,1,6.3,8,1,15.01,8,1,8.2,8,ñk,8,1,ìÏìå,8,1,1025.3,8,1,1023.5,0,8,1
2019/2/11,7.6,8,1,6.0,8,1,9.2,8,1,2.0,0,8,1,2.8,0,8,1,0,1,8,1,0,1,8,1,3.1,8,1,5.5,8,ñkñkêº,8,1,6.7,8,1,1025.1,8,1,64,8,1,44,8,1,9.3,8,1,6.49,8,1,8.7,8,ñkñkêº,8,1,ñkêº,8,1,1027.0,8,1,1023.8,0,8,1
2019/2/12,6.7,8,1,1.8,8,1,11.3,8,1,0,1,8,1,9.1,0,8,1,0,1,8,1,0,1,8,1,2.4,8,1,6.2,8,ñk,8,1,5.6,8,1,1028.8,8,1,59,8,1,41,8,1,4.3,8,1,16.41,8,1,9.3,8,ñk,8,1,ñk,8,1,1030.7,8,1,1028.9,0,8,1
2019/2/13,8.5,8,1,6.7,8,1,13.0,8,1,0.0,0,8,1,8.4,0,8,1,0,1,8,1,0,1,8,1,2.6,8,1,6.1,8,ñk,8,1,6.0,8,1,1026.2,8,1,55,8,1,44,8,1,4.8,8,1,14.46,8,1,10.0,8,ñk,8,1,ñkñkìå,8,1,1028.1,8,1,1026.4,0,8,1
2019/2/14,7.9,8,1,5.9,8,1,12.4,8,1,0.0,0,8,1,2.2,0,8,1,0,1,8,1,0,1,8,1,2.4,8,1,7.3,8,ñk,8,1,6.1,8,1,1026.0,8,1,57,8,1,47,8,1,7.5,8,1,9.41,8,1,10.6,8,ñk,8,1,ìÏìå,8,1,1027.8,8,1,1026.4,0,8,1
2019/2/15,6.9,8,1,4.1,8,1,9.0,8,1,4.5,0,8,1,0.0,0,8,1,0,1,8,1,0,1,8,1,1.7,8,1,3.7,8,ìÏìå,8,1,7.5,8,1,1020.7,8,1,75,8,1,58,8,1,7.5,8,1,2.61,8,1,6.7,8,ìÏìå,8,1,ìÏìå,8,1,1022.6,8,1,1019.3,0,8,1
2019/2/16,8.1,8,1,6.9,8,1,9.7,8,1,0.0,0,8,1,1.6,0,8,1,0,1,8,1,0,1,8,1,3.1,8,1,5.3,8,êºñkêº,8,1,6.6,8,1,1017.9,8,1,61,8,1,51,8,1,10.0,8,1,7.92,8,1,12.0,8,êº,8,1,êº,8,1,1019.7,8,1,1018.2,0,8,1
2019/2/17,7.0,8,1,3.9,8,1,10.8,8,1,0.0,0,8,1,9.1,0,8,1,0,1,8,1,0,1,8,1,2.3,8,1,5.7,8,ñkñkêº,8,1,5.3,8,1,1021.0,8,1,54,8,1,27,8,1,4.0,8,1,17.87,8,1,9.1,8,ñkñkêº,8,1,ñkñkêº,8,1,1022.9,8,1,1020.8,0,8,1
2019/2/18,8.1,8,1,3.3,8,1,13.3,8,1,0.5,0,8,1,5.4,0,8,1,0,1,8,1,0,1,8,1,1.8,8,1,4.2,8,ñk,8,1,6.1,8,1,1022.6,8,1,56,8,1,24,8,1,9.5,8,1,12.30,8,1,5.7,8,ñkñkêº,8,1,ìÏìÏìå,8,1,1024.5,8,1,1022.6,0,8,1
2019/2/19,13.6,8,1,8.2,8,1,22.7,8,1,10.5,0,8,1,2.5,0,8,1,0,1,8,1,0,1,8,1,3.4,8,1,7.2,8,ìÏìÏêº,8,1,13.1,8,1,1014.1,8,1,83,8,1,57,8,1,9.3,8,1,7.86,8,1,14.5,8,ìÏìå,8,1,ìåìÏìå,8,1,1015.9,8,1,1010.2,0,8,1
2019/2/20,10.6,8,1,8.3,8,1,13.2,8,1,0.0,0,8,1,2.9,0,8,1,0,1,8,1,0,1,8,1,2.9,8,1,5.7,8,êºìÏêº,8,1,8.5,8,1,1020.4,8,1,66,8,1,53,8,1,8.0,8,1,8.84,8,1,10.1,8,êºìÏêº,8,1,êº,8,1,1022.2,8,1,1019.1,0,8,1
2019/2/21,10.3,8,1,6.9,8,1,14.5,8,1,0,1,8,1,8.2,0,8,1,0,1,8,1,0,1,8,1,2.9,8,1,7.5,8,ñk,8,1,7.2,8,1,1021.7,8,1,58,8,1,43,8,1,6.0,8,1,16.59,8,1,10.7,8,ñkñkêº,8,1,ñk,8,1,1023.6,8,1,1022.0,0,8,1
2019/2/22,10.2,8,1,8.0,8,1,12.9,8,1,0.0,0,8,1,0.5,0,8,1,0,1,8,1,0,1,8,1,1.9,8,1,5.4,8,ñk,8,1,7.8,8,1,1016.4,8,1,63,8,1,51,8,1,9.8,8,1,6.88,8,1,7.4,8,ñk,8,1,ñk,8,1,1018.2,8,1,1015.5,0,8,1
2019/2/23,11.4,8,1,8.8,8,1,15.0,8,1,0,1,8,1,4.0,0,8,1,0,1,8,1,0,1,8,1,4.9,8,1,8.6,8,ñk,8,1,7.2,8,1,1018.5,8,1,54,8,1,40,8,1,9.0,8,1,10.50,8,1,12.9,8,ñk,8,1,ñkñkìå,8,1,1020.3,8,1,1016.2,0,8,1
2019/2/24,9.8,8,1,6.5,8,1,14.4,8,1,0,1,8,1,9.5,0,8,1,0,1,8,1,0,1,8,1,2.1,8,1,5.5,8,ñk,8,1,6.5,8,1,1020.1,8,1,54,8,1,40,8,1,5.0,8,1,16.52,8,1,7.4,8,ñk,8,1,ñk,8,1,1021.9,8,1,1019.2,0,8,1
2019/2/25,10.8,8,1,6.0,8,1,15.4,8,1,0,1,8,1,8.8,0,8,1,0,1,8,1,0,1,8,1,1.8,8,1,5.3,8,ñkñkêº,8,1,8.1,8,1,1017.3,8,1,64,8,1,45,8,1,5.0,8,1,16.33,8,1,7.2,8,ñk,8,1,ñkñkêº,8,1,1019.1,8,1,1017.4,0,8,1
2019/2/26,11.1,8,1,6.8,8,1,16.5,8,1,0,1,8,1,9.9,0,8,1,0,1,8,1,0,1,8,1,2.2,8,1,6.9,8,ñk,8,1,8.5,8,1,1019.3,8,1,65,8,1,44,8,1,2.0,8,1,17.78,8,1,9.2,8,ñkñkìå,8,1,ñk,8,1,1021.1,8,1,1019.8,0,8,1
2019/2/27,10.6,8,1,8.0,8,1,12.8,8,1,4.5,0,8,1,0.1,0,8,1,0,1,8,1,0,1,8,1,1.4,8,1,4.0,8,ìÏìå,8,1,8.3,8,1,1017.9,8,1,65,8,1,49,8,1,10.0,8,1,4.21,8,1,6.7,8,ìÏìå,8,1,ìåìÏìå,8,1,1019.7,8,1,1015.4,0,8,1
2019/2/28,10.9,8,1,8.5,8,1,15.2,8,1,8.0,0,8,1,3.6,0,8,1,0,1,8,1,0,1,8,1,2.1,8,1,6.4,8,ñk,8,1,10.6,8,1,1014.3,8,1,82,8,1,60,8,1,7.5,8,1,9.40,8,1,9.4,8,ñk,8,1,ñk,8,1,1016.1,8,1,1014.6,0,8,1
2019/3/1,11.3,8,1,6.9,8,1,17.0,8,1,0,1,8,1,5.2,0,8,1,0,1,8,1,0,1,8,1,1.9,8,1,5.6,8,ñk,8,1,9.4,8,1,1017.9,8,1,71,8,1,47,8,1,8.5,8,1,14.07,8,1,7.8,8,ñk,8,1,ìÏìÏìå,8,1,1019.7,8,1,1018.3,0,8,1
2019/3/2,10.2,8,1,7.0,8,1,12.7,8,1,3.0,0,8,1,0.0,0,8,1,0,1,8,1,0,1,8,1,1.5,8,1,3.3,8,ñkñkìå,8,1,8.0,8,1,1016.4,8,1,65,8,1,40,8,1,9.8,8,1,5.16,8,1,4.9,8,ìÏìå,8,1,ìÏìå,8,1,1018.2,8,1,1015.3,0,8,1
2019/3/3,10.2,8,1,8.5,8,1,12.5,8,1,10.0,0,8,1,0.0,0,8,1,0,1,8,1,0,1,8,1,1.0,8,1,4.0,8,ìÏìå,8,1,11.1,8,1,1008.9,8,1,89,8,1,77,8,1,10.0,8,1,4.37,8,1,5.7,8,ìÏìå,8,1,ìÏìå,8,1,1010.7,8,1,1007.2,0,8,1
2019/3/4,10.8,8,1,7.3,8,1,13.7,8,1,3.0,0,8,1,1.3,0,8,1,0,1,8,1,0,1,8,1,3.3,8,1,10.0,8,ñk,8,1,10.8,8,1,1009.7,8,1,83,8,1,65,8,1,7.5,8,1,7.89,8,1,14.9,8,ñk,8,1,ñk,8,1,1011.5,8,1,1006.7,0,8,1
2019/3/5,11.5,8,1,6.3,8,1,17.3,8,1,0,1,8,1,8.0,0,8,1,0,1,8,1,0,1,8,1,1.9,8,1,5.6,8,ñk,8,1,9.4,8,1,1018.7,8,1,70,8,1,45,8,1,5.0,8,1,17.72,8,1,7.2,8,ñk,8,1,ìÏìå,8,1,1020.5,8,1,1018.6,0,8,1
2019/3/6,11.0,8,1,9.9,8,1,12.3,8,1,16.5,0,8,1,0.0,0,8,1,0,1,8,1,0,1,8,1,1.9,8,1,4.6,8,ñk,8,1,10.9,8,1,1012.1,8,1,84,8,1,61,8,1,10.0,8,1,1.83,8,1,7.0,8,ñk,8,1,ñk,8,1,1013.9,8,1,1008.9,0,8,1
2019/3/7,10.3,8,1,7.1,8,1,13.4,8,1,10.0,0,8,1,2.3,0,8,1,0,1,8,1,0,1,8,1,4.6,8,1,11.0,8,ñk,8,1,9.2,8,1,1014.2,8,1,74,8,1,54,8,1,7.3,8,1,9.62,8,1,17.1,8,ñk,8,1,ñk,8,1,1016.0,8,1,1010.8,0,8,1
2019/3/8,9.7,8,1,6.1,8,1,15.2,8,1,0,1,8,1,10.6,0,8,1,0,1,8,1,0,1,8,1,2.0,8,1,5.2,8,ñk,8,1,6.9,8,1,1022.9,8,1,59,8,1,36,8,1,2.3,8,1,21.34,8,1,7.5,8,ñk,8,1,ìÏìÏìå,8,1,1024.8,8,1,1022.1,0,8,1
2019/3/9,11.7,8,1,5.0,8,1,18.2,8,1,0.0,0,8,1,9.8,0,8,1,0,1,8,1,0,1,8,1,2.0,8,1,4.9,8,ìÏìÏêº,8,1,7.5,8,1,1020.7,8,1,55,8,1,30,8,1,6.8,8,1,18.98,8,1,8.1,8,ìÏ,8,1,ìÏìÏìå,8,1,1022.5,8,1,1018.4,0,8,1
2019/3/10,11.6,8,1,10.4,8,1,13.4,8,1,37.0,0,8,1,0.0,0,8,1,0,1,8,1,0,1,8,1,2.7,8,1,10.6,8,ñkñkêº,8,1,12.5,8,1,1006.4,8,1,92,8,1,62,8,1,10.0,8,1,1.57,8,1,17.1,8,ñk,8,1,ìÏìå,8,1,1008.2,8,1,1000.3,0,8,1
2019/3/11,13.0,8,1,9.1,8,1,16.8,8,1,6.5,0,8,1,9.7,0,8,1,0,1,8,1,0,1,8,1,4.5,8,1,8.6,8,ñkñkêº,8,1,9.1,8,1,1007.7,8,1,62,8,1,32,8,1,6.5,8,1,20.28,8,1,15.1,8,ñkñkêº,8,1,ñkêº,8,1,1009.5,8,1,1006.9,0,8,1
2019/3/12,11.9,8,1,8.9,8,1,15.1,8,1,2.5,0,8,1,7.8,0,8,1,0,1,8,1,0,1,8,1,3.4,8,1,6.5,8,êºñkêº,8,1,8.2,8,1,1010.0,8,1,61,8,1,32,8,1,4.5,8,1,17.96,8,1,12.8,8,ìÏêº,8,1,êºìÏêº,8,1,1011.8,8,1,1009.4,0,8,1
2019/3/13,9.4,8,1,6.6,8,1,11.4,8,1,0.0,0,8,1,8.9,0,8,1,0,1,8,1,0,1,8,1,5.1,8,1,8.4,8,ñkñkêº,8,1,4.9,8,1,1018.5,8,1,42,8,1,26,8,1,3.3,8,1,21.16,8,1,15.7,8,ñkñkêº,8,1,êºñkêº,8,1,1020.3,8,1,1013.0,0,8,1
2019/3/14,9.1,8,1,5.7,8,1,11.9,8,1,0,1,8,1,3.5,0,8,1,0,1,8,1,0,1,8,1,2.5,8,1,5.0,8,êºñkêº,8,1,5.2,8,1,1022.3,8,1,45,8,1,31,8,1,4.0,8,1,12.88,8,1,9.9,8,êºñkêº,8,1,êºñkêº,8,1,1024.1,8,1,1023.0,0,8,1
2019/3/15,9.7,8,1,4.8,8,1,16.9,8,1,2.0,0,8,1,7.0,0,8,1,0,1,8,1,0,1,8,1,2.8,8,1,7.2,8,ñkêº,8,1,6.5,8,1,1018.2,8,1,55,8,1,26,8,1,3.8,8,1,16.19,8,1,14.1,8,ñkêº,8,1,ìÏìå,8,1,1020.0,8,1,1015.2,0,8,1
2019/3/16,10.0,8,1,7.5,8,1,14.0,8,1,0.0,0,8,1,8.3,0,8,1,0,1,8,1,0,1,8,1,3.6,8,1,6.6,8,êºñkêº,8,1,6.6,8,1,1018.5,8,1,54,8,1,39,8,1,5.0,8,1,19.93,8,1,16.5,8,êº,8,1,êº,8,1,1020.3,8,1,1015.9,0,8,1
2019/3/17,11.5,8,1,7.3,8,1,15.6,8,1,0.0,0,8,1,8.5,0,8,1,0,1,8,1,0,1,8,1,3.4,8,1,6.5,8,ñkñkêº,8,1,7.4,8,1,1020.6,8,1,54,8,1,35,8,1,3.8,8,1,20.80,8,1,9.6,8,ñkñkêº,8,1,ñk,8,1,1022.4,8,1,1019.4,0,8,1
2019/3/18,10.9,8,1,5.2,8,1,16.4,8,1,0.5,0,8,1,6.5,0,8,1,0,1,8,1,0,1,8,1,1.8,8,1,4.7,8,ñk,8,1,7.0,8,1,1019.3,8,1,53,8,1,31,8,1,9.5,8,1,15.69,8,1,6.8,8,ñk,8,1,ñk,8,1,1021.1,8,1,1017.5,0,8,1
2019/3/19,11.8,8,1,9.5,8,1,16.1,8,1,4.5,0,8,1,6.3,0,8,1,0,1,8,1,0,1,8,1,2.1,8,1,5.3,8,ñkñkêº,8,1,10.6,8,1,1014.5,8,1,77,8,1,60,8,1,5.3,8,1,16.55,8,1,7.3,8,ñkñkêº,8,1,ñkñkìå,8,1,1016.3,8,1,1014.6,0,8,1
2019/3/20,15.0,8,1,7.1,8,1,21.3,8,1,0.0,0,8,1,7.3,0,8,1,0,1,8,1,0,1,8,1,2.9,8,1,8.9,8,ìÏìÏìå,8,1,8.5,8,1,1012.8,8,1,52,8,1,17,8,1,5.5,8,1,18.27,8,1,19.8,8,ìÏìå,8,1,ìÏìÏìå,8,1,1014.6,8,1,1007.5,0,8,1
2019/3/21,17.8,8,1,13.8,8,1,22.5,8,1,1.0,0,8,1,7.0,0,8,1,0,1,8,1,0,1,8,1,3.8,8,1,8.7,8,ìÏìÏìå,8,1,15.0,8,1,1005.4,8,1,73,8,1,59,8,1,9.0,8,1,17.95,8,1,16.9,8,ìÏ,8,1,êº,8,1,1007.2,8,1,1004.9,0,8,1
2019/3/22,13.3,8,1,10.9,8,1,16.7,8,1,0.0,0,8,1,4.1,0,8,1,0,1,8,1,0,1,8,1,4.4,8,1,8.0,8,ñk,8,1,9.6,8,1,1012.5,8,1,63,8,1,53,8,1,9.3,8,1,14.40,8,1,12.7,8,ñkñkìå,8,1,ñk,8,1,1014.3,8,1,1011.0,0,8,1
2019/3/23,10.7,8,1,9.0,8,1,13.6,8,1,3.0,0,8,1,6.1,0,8,1,0,1,8,1,0,1,8,1,4.0,8,1,10.4,8,ñkñkêº,8,1,7.1,8,1,1016.7,8,1,56,8,1,33,8,1,7.3,8,1,15.23,8,1,17.3,8,ñkñkêº,8,1,ñkñkêº,8,1,1018.5,8,1,1016.8,0,8,1
2019/3/24,9.7,8,1,6.4,8,1,13.7,8,1,0.0,0,8,1,9.8,0,8,1,0,1,8,1,0,1,8,1,3.6,8,1,7.1,8,ñkñkêº,8,1,6.0,8,1,1019.6,8,1,49,8,1,40,8,1,3.3,8,1,23.21,8,1,11.9,8,ñkêº,8,1,ñk,8,1,1021.5,8,1,1019.8,0,8,1
2019/3/25,9.6,8,1,6.4,8,1,12.8,8,1,0.0,0,8,1,0.1,0,8,1,0,1,8,1,0,1,8,1,1.7,8,1,3.7,8,ìÏìÏìå,8,1,7.3,8,1,1017.2,8,1,61,8,1,50,8,1,9.3,8,1,5.25,8,1,5.5,8,ìÏìå,8,1,ìÏìå,8,1,1019.1,8,1,1016.9,0,8,1
2019/3/26,13.2,8,1,7.8,8,1,19.0,8,1,0,1,8,1,10.6,0,8,1,0,1,8,1,0,1,8,1,2.4,8,1,5.7,8,êºñkêº,8,1,9.6,8,1,1016.5,8,1,64,8,1,35,8,1,5.0,8,1,21.87,8,1,10.8,8,ñkêº,8,1,êº,8,1,1018.3,8,1,1016.3,0,8,1
2019/3/27,15.8,8,1,9.5,8,1,22.8,8,1,0,1,8,1,10.7,0,8,1,0,1,8,1,0,1,8,1,3.5,8,1,7.6,8,ìÏìÏêº,8,1,9.9,8,1,1015.6,8,1,57,8,1,33,8,1,4.5,8,1,22.04,8,1,14.2,8,ìÏìÏêº,8,1,ìÏìÏêº,8,1,1017.4,8,1,1013.2,0,8,1
2019/3/28,15.8,8,1,13.6,8,1,18.6,8,1,0.0,0,8,1,6.5,0,8,1,0,1,8,1,0,1,8,1,3.1,8,1,6.8,8,ñk,8,1,12.4,8,1,1011.0,8,1,69,8,1,55,8,1,7.8,8,1,19.08,8,1,9.8,8,ñk,8,1,ñkñkêº,8,1,1012.8,8,1,1011.1,0,8,1
2019/3/29,16.0,8,1,11.9,8,1,22.4,8,1,0,1,8,1,9.0,0,8,1,0,1,8,1,0,1,8,1,2.0,8,1,5.9,8,ñkñkêº,8,1,10.4,8,1,1011.4,8,1,58,8,1,30,8,1,9.8,8,1,20.39,8,1,8.3,8,ñkñkêº,8,1,ñk,8,1,1013.2,8,1,1012.0,0,8,1
2019/3/30,15.8,8,1,11.8,8,1,21.4,8,1,0,1,8,1,6.9,0,8,1,0,1,8,1,0,1,8,1,3.4,8,1,7.0,8,êºñkêº,8,1,10.1,8,1,1010.6,8,1,57,8,1,34,8,1,7.8,8,1,18.79,8,1,12.5,8,êº,8,1,êºìÏêº,8,1,1012.4,8,1,1010.2,0,8,1
2019/3/31,10.5,8,1,8.8,8,1,13.5,8,1,0.0,0,8,1,4.8,0,8,1,0,1,8,1,0,1,8,1,4.7,8,1,7.0,8,êºñkêº,8,1,5.7,8,1,1016.8,8,1,45,8,1,36,8,1,8.5,8,1,15.75,8,1,14.1,8,êºìÏêº,8,1,êºñkêº,8,1,1018.6,8,1,1015.4,0,8,1
2019/4/1,9.8,8,1,7.8,8,1,13.3,8,1,0.5,0,8,1,7.8,0,8,1,0,1,8,1,0,1,8,1,4.9,8,1,9.6,8,ñk,8,1,5.1,8,1,1020.2,8,1,43,8,1,27,8,1,7.3,8,1,20.29,8,1,14.7,8,ñk,8,1,ñkêº,8,1,1022.0,8,1,1020.0,0,8,1
2019/4/2,11.3,8,1,6.9,8,1,15.5,8,1,0,1,8,1,11.1,0,8,1,0,1,8,1,0,1,8,1,3.2,8,1,6.3,8,ñkñkêº,8,1,6.8,8,1,1019.9,8,1,51,8,1,33,8,1,1.3,8,1,24.59,8,1,9.3,8,ñk,8,1,ñkñkêº,8,1,1021.7,8,1,1020.2,0,8,1
2019/4/3,10.6,8,1,7.5,8,1,15.5,8,1,0.0,0,8,1,9.4,0,8,1,0,1,8,1,0,1,8,1,2.9,8,1,6.3,8,ñkñkêº,8,1,6.2,8,1,1020.7,8,1,49,8,1,36,8,1,4.0,8,1,23.55,8,1,8.5,8,ñkêº,8,1,ñkñkêº,8,1,1022.6,8,1,1021.1,0,8,1
2019/4/4,12.9,8,1,6.5,8,1,19.0,8,1,0,1,8,1,10.8,0,8,1,0,1,8,1,0,1,8,1,2.5,8,1,5.8,8,ñk,8,1,7.0,8,1,1017.6,8,1,47,8,1,25,8,1,5.3,8,1,25.49,8,1,9.0,8,ñkñkêº,8,1,ìÏìå,8,1,1019.4,8,1,1016.1,0,8,1
2019/4/5,15.2,8,1,10.4,8,1,20.5,8,1,0,1,8,1,8.1,0,8,1,0,1,8,1,0,1,8,1,2.1,8,1,6.1,8,ñkêº,8,1,9.1,8,1,1010.7,8,1,54,8,1,32,8,1,6.3,8,1,16.79,8,1,9.1,8,êºñkêº,8,1,ìÏìå,8,1,1012.5,8,1,1009.1,0,8,1
2019/4/6,16.0,8,1,10.9,8,1,22.0,8,1,0,1,8,1,11.4,0,8,1,0,1,8,1,0,1,8,1,2.3,8,1,5.1,8,ñkñkêº,8,1,12.1,8,1,1010.6,8,1,68,8,1,40,8,1,0.8,8,1,24.58,8,1,7.2,8,ñk,8,1,ìÏìå,8,1,1012.3,8,1,1010.5,0,8,1
2019/4/7,16.4,8,1,11.8,8,1,22.3,8,1,6.0,0,8,1,8.4,0,8,1,0,1,8,1,0,1,8,1,2.6,8,1,6.7,8,ñk,8,1,13.5,8,1,1008.6,8,1,73,8,1,45,8,1,4.8,8,1,20.36,8,1,8.7,8,ñk,8,1,ìÏìå,8,1,1010.4,8,1,1007.2,0,8,1
2019/4/8,16.0,8,1,13.0,8,1,20.7,8,1,6.5,0,8,1,10.7,0,8,1,0,1,8,1,0,1,8,1,3.5,8,1,6.5,8,ñk,8,1,13.7,8,1,1012.1,8,1,76,8,1,59,8,1,3.5,8,1,24.50,8,1,10.9,8,ñk,8,1,ñk,8,1,1013.9,8,1,1009.5,0,8,1
2019/4/9,15.7,8,1,11.0,8,1,21.0,8,1,8.0,0,8,1,7.6,0,8,1,0,1,8,1,0,1,8,1,2.6,8,1,6.2,8,ñkìå,8,1,7.9,8,1,1012.9,8,1,47,8,1,20,8,1,6.3,8,1,20.20,8,1,10.1,8,ñkìå,8,1,ìÏìå,8,1,1014.7,8,1,1003.7,0,8,1
2019/4/10,14.0,8,1,12.2,8,1,17.2,8,1,10.0,0,8,1,0.0,0,8,1,0,1,8,1,0,1,8,1,5.1,8,1,8.4,8,ñk,8,1,13.4,8,1,1003.8,8,1,83,8,1,68,8,1,10.0,8,1,4.07,8,1,13.5,8,ñk,8,1,ñk,8,1,1005.6,8,1,999.6,0,8,1
2019/4/11,12.4,8,1,10.4,8,1,14.8,8,1,0,1,8,1,0.7,0,8,1,0,1,8,1,0,1,8,1,4.2,8,1,7.7,8,ñk,8,1,8.9,8,1,1012.0,8,1,62,8,1,51,8,1,8.3,8,1,8.40,8,1,11.9,8,ñk,8,1,ñkñkìå,8,1,1013.8,8,1,1012.0,0,8,1
2019/4/12,12.9,8,1,9.8,8,1,17.3,8,1,0.0,0,8,1,9.2,0,8,1,0,1,8,1,0,1,8,1,2.6,8,1,6.7,8,ñk,8,1,9.5,8,1,1015.8,8,1,65,8,1,48,8,1,5.5,8,1,23.11,8,1,9.8,8,ñk,8,1,ñk,8,1,1017.6,8,1,1014.5,0,8,1
2019/4/13,13.7,8,1,8.0,8,1,19.2,8,1,0,1,8,1,6.2,0,8,1,0,1,8,1,0,1,8,1,2.0,8,1,5.4,8,ñkñkêº,8,1,9.4,8,1,1018.8,8,1,61,8,1,37,8,1,6.0,8,1,18.75,8,1,7.6,8,ñkêº,8,1,ñkñkêº,8,1,1020.6,8,1,1019.0,0,8,1
2019/4/14,13.9,8,1,12.2,8,1,18.8,8,1,4.5,0,8,1,0.6,0,8,1,0,1,8,1,0,1,8,1,1.5,8,1,3.9,8,ñkñkêº,8,1,12.0,8,1,1014.3,8,1,76,8,1,57,8,1,9.8,8,1,6.36,8,1,6.0,8,êºìÏêº,8,1,ìÏìÏìå,8,1,1016.1,8,1,1013.4,0,8,1
2019/4/15,13.8,8,1,10.0,8,1,18.0,8,1,0,1,8,1,9.9,0,8,1,0,1,8,1,0,1,8,1,2.8,8,1,5.6,8,ñk,8,1,10.3,8,1,1016.2,8,1,66,8,1,48,8,1,3.3,8,1,25.97,8,1,8.9,8,ñkñkêº,8,1,ñk,8,1,1018.0,8,1,1015.0,0,8,1
2019/4/16,16.2,8,1,9.5,8,1,23.4,8,1,0,1,8,1,9.8,0,8,1,0,1,8,1,0,1,8,1,1.9,8,1,5.1,8,ñkñkêº,8,1,8.3,8,1,1016.2,8,1,47,8,1,21,8,1,9.5,8,1,22.48,8,1,7.1,8,ñkêº,8,1,ìÏìå,8,1,1018.0,8,1,1015.8,0,8,1
2019/4/17,17.5,8,1,15.0,8,1,21.9,8,1,0.0,0,8,1,6.2,0,8,1,0,1,8,1,0,1,8,1,2.2,8,1,5.1,8,ñkñkêº,8,1,11.6,8,1,1010.8,8,1,58,8,1,36,8,1,7.5,8,1,18.62,8,1,8.0,8,ñkñkêº,8,1,ñkñkêº,8,1,1012.6,8,1,1010.3,0,8,1
2019/4/18,18.0,8,1,13.0,8,1,23.5,8,1,0,1,8,1,10.8,0,8,1,0,1,8,1,0,1,8,1,2.3,8,1,5.6,8,ñkêº,8,1,14.0,8,1,1011.6,8,1,69,8,1,43,8,1,5.0,8,1,23.68,8,1,8.2,8,ñkêº,8,1,ìÏìå,8,1,1013.4,8,1,1011.9,0,8,1
2019/4/19,16.6,8,1,14.0,8,1,21.9,8,1,0.0,0,8,1,7.5,0,8,1,0,1,8,1,0,1,8,1,3.6,8,1,8.6,8,ñk,8,1,14.4,8,1,1014.1,8,1,76,8,1,61,8,1,5.0,8,1,19.84,8,1,13.0,8,ñk,8,1,ñk,8,1,1015.9,8,1,1014.3,0,8,1
2019/4/20,16.8,8,1,13.4,8,1,21.2,8,1,0,1,8,1,11.7,0,8,1,0,1,8,1,0,1,8,1,2.5,8,1,5.5,8,ñk,8,1,13.7,8,1,1013.0,8,1,72,8,1,56,8,1,2.0,8,1,24.96,8,1,7.8,8,ñkñkìå,8,1,ñk,8,1,1014.8,8,1,1012.6,0,8,1
2019/4/21,18.5,8,1,13.7,8,1,24.8,8,1,0,1,8,1,10.8,0,8,1,0,1,8,1,0,1,8,1,2.3,8,1,7.6,8,ñk,8,1,14.2,8,1,1011.2,8,1,68,8,1,41,8,1,5.0,8,1,24.57,8,1,9.5,8,ñkñkêº,8,1,ñk,8,1,1012.9,8,1,1011.6,0,8,1
2019/4/22,19.1,8,1,16.8,8,1,24.3,8,1,0,1,8,1,9.7,0,8,1,0,1,8,1,0,1,8,1,2.7,8,1,7.4,8,ñk,8,1,16.5,8,1,1013.1,8,1,75,8,1,60,8,1,5.8,8,1,24.39,8,1,10.6,8,ñk,8,1,ñk,8,1,1014.9,8,1,1013.3,0,8,1
2019/4/23,19.0,8,1,17.2,8,1,22.6,8,1,16.0,0,8,1,0.0,0,8,1,0,1,8,1,0,1,8,1,1.6,8,1,5.3,8,ìÏìå,8,1,17.6,8,1,1011.7,8,1,80,8,1,58,8,1,10.0,8,1,3.96,8,1,9.2,8,ìåìÏìå,8,1,ìÏìå,8,1,1013.4,8,1,1009.8,0,8,1
2019/4/24,20.8,8,1,18.2,8,1,24.7,8,1,0.0,0,8,1,1.3,0,8,1,0,1,8,1,0,1,8,1,3.2,8,1,6.8,8,ìÏìå,8,1,19.6,8,1,1005.8,8,1,80,8,1,66,8,1,10.0,8,1,10.83,8,1,11.2,8,ìÏìÏìå,8,1,ìÏìå,8,1,1007.5,8,1,1006.1,0,8,1
2019/4/25,17.7,8,1,16.0,8,1,19.9,8,1,0.5,0,8,1,0.0,0,8,1,0,1,8,1,0,1,8,1,2.8,8,1,7.6,8,ñk,8,1,18.0,8,1,1005.4,8,1,89,8,1,81,8,1,9.8,8,1,7.39,8,1,10.8,8,ñk,8,1,ñk,8,1,1007.2,8,1,1005.9,0,8,1
2019/4/26,15.4,8,1,11.8,8,1,19.1,8,1,4.5,0,8,1,0.0,0,8,1,0,1,8,1,0,1,8,1,3.3,8,1,10.2,8,ñk,8,1,14.1,8,1,1008.1,8,1,80,8,1,61,8,1,9.8,8,1,6.27,8,1,15.6,8,ñk,8,1,êº,8,1,1009.9,8,1,1006.8,0,8,1
2019/4/27,14.2,8,1,11.8,8,1,17.8,8,1,0.5,0,8,1,10.4,0,8,1,0,1,8,1,0,1,8,1,6.1,8,1,9.6,8,ñk,8,1,9.1,8,1,1017.8,8,1,56,8,1,37,8,1,4.3,8,1,26.56,8,1,15.0,8,ñk,8,1,ñk,8,1,1019.6,8,1,1014.4,0,8,1
2019/4/28,14.4,8,1,9.1,8,1,19.0,8,1,0.0,0,8,1,1.7,0,8,1,0,1,8,1,0,1,8,1,2.0,8,1,4.2,8,ñk,8,1,10.4,8,1,1018.5,8,1,63,8,1,46,8,1,9.8,8,1,11.67,8,1,6.7,8,ìÏìå,8,1,ìÏìå,8,1,1020.3,8,1,1018.2,0,8,1
2019/4/29,16.1,8,1,14.1,8,1,17.7,8,1,29.5,0,8,1,0.0,0,8,1,0,1,8,1,0,1,8,1,2.8,8,1,6.2,8,ìÏìå,8,1,16.7,8,1,1010.5,8,1,91,8,1,82,8,1,10.0,8,1,3.73,8,1,11.1,8,ìÏìå,8,1,ìÏìå,8,1,1012.3,8,1,1006.5,0,8,1
2019/4/30,16.6,8,1,15.6,8,1,18.5,8,1,16.5,0,8,1,0.0,0,8,1,0,1,8,1,0,1,8,1,2.6,8,1,5.9,8,ñk,8,1,18.2,8,1,1005.0,8,1,97,8,1,86,8,1,10.0,8,1,4.72,8,1,8.5,8,ñkñkìå,8,1,ñk,8,1,1006.8,8,1,1005.0,0,8,1
2019/5/1,16.6,8,1,14.7,8,1,19.2,8,1,0.0,0,8,1,1.8,0,8,1,0,1,8,1,0,1,8,1,2.5,8,1,4.2,8,ñk,8,1,15.9,8,1,1004.1,8,1,84,8,1,70,8,1,8.3,8,1,9.43,8,1,6.4,8,ñk,8,1,ñk,8,1,1005.9,8,1,1004.2,0,8,1
2019/5/2,17.9,8,1,13.7,8,1,23.3,8,1,0,1,8,1,11.8,0,8,1,0,1,8,1,0,1,8,1,2.4,8,1,6.1,8,ñkñkêº,8,1,15.1,8,1,1009.9,8,1,75,8,1,55,8,1,3.0,8,1,26.63,8,1,8.1,8,ñkñkêº,8,1,ñk,8,1,1011.7,8,1,1007.0,0,8,1
2019/5/3,18.3,8,1,13.7,8,1,23.9,8,1,0,1,8,1,12.3,0,8,1,0,1,8,1,0,1,8,1,2.6,8,1,6.0,8,ñkñkêº,8,1,13.0,8,1,1014.4,8,1,62,8,1,45,8,1,2.3,8,1,28.18,8,1,8.7,8,ñkñkêº,8,1,ìÏìÏìå,8,1,1016.2,8,1,1014.5,0,8,1
2019/5/4,19.3,8,1,12.8,8,1,27.0,8,1,0,1,8,1,12.4,0,8,1,0,1,8,1,0,1,8,1,1.9,8,1,5.6,8,ñk,8,1,11.0,8,1,1016.4,8,1,51,8,1,23,8,1,7.5,8,1,27.71,8,1,7.5,8,ñk,8,1,ñk,8,1,1018.2,8,1,1016.9,0,8,1
2019/5/5,20.7,8,1,14.8,8,1,27.2,8,1,0,1,8,1,11.6,0,8,1,0,1,8,1,0,1,8,1,2.1,8,1,5.6,8,ñkñkêº,8,1,10.9,8,1,1015.4,8,1,45,8,1,28,8,1,9.5,8,1,23.62,8,1,8.3,8,ñkñkêº,8,1,ìÏìÏìå,8,1,1017.1,8,1,1014.8,0,8,1
2019/5/6,18.8,8,1,14.7,8,1,24.5,8,1,0.0,0,8,1,5.6,0,8,1,0,1,8,1,0,1,8,1,3.5,8,1,8.8,8,ñkñkêº,8,1,12.3,8,1,1012.6,8,1,57,8,1,39,8,1,8.3,8,1,15.55,8,1,13.9,8,ñkñkêº,8,1,ñk,8,1,1014.4,8,1,1012.3,0,8,1
2019/5/7,16.4,8,1,12.5,8,1,21.2,8,1,0,1,8,1,13.1,0,8,1,0,1,8,1,0,1,8,1,3.9,8,1,8.6,8,ñk,8,1,8.9,8,1,1014.1,8,1,48,8,1,20,8,1,0.5,8,1,29.87,8,1,13.5,8,ñk,8,1,ñk,8,1,1015.9,8,1,1014.9,0,8,1
2019/5/8,17.2,8,1,10.1,8,1,22.8,8,1,0,1,8,1,10.8,0,8,1,0,1,8,1,0,1,8,1,2.1,8,1,5.7,8,ñkñkêº,8,1,8.4,8,1,1012.2,8,1,43,8,1,22,8,1,8.0,8,1,26.08,8,1,7.7,8,ñkñkêº,8,1,ñk,8,1,1014.0,8,1,1011.1,0,8,1
2019/5/9,18.1,8,1,15.1,8,1,23.6,8,1,0.0,0,8,1,6.1,0,8,1,0,1,8,1,0,1,8,1,2.6,5,1,6.5,5,ñkñkêº),5,1,13.3,8,1,1009.1,8,1,64,8,1,46,8,1,7.8,8,1,19.44,8,1,9.3,5,ìåìÏìå),5,1,ìÏìå,8,1,1010.9,8,1,1009.3,0,8,1
2019/5/10,19.7,8,1,13.8,8,1,26.3,8,1,0,1,8,1,12.5,0,8,1,0,1,8,1,0,1,8,1,2.3,8,1,7.5,8,ñk,8,1,12.8,8,1,1010.6,8,1,57,8,1,28,8,1,6.5,8,1,27.94,8,1,9.9,8,ñk,8,1,ñkñkêº,8,1,1012.4,8,1,1011.5,0,8,1
2019/5/11,20.5,8,1,15.9,8,1,25.9,8,1,0,1,8,1,11.7,0,8,1,0,1,8,1,0,1,8,1,2.2,8,1,5.8,8,ñk,8,1,15.4,8,1,1011.5,8,1,64,8,1,46,8,1,2.0,8,1,27.08,8,1,7.6,8,ñk,8,1,ñk,8,1,1013.3,8,1,1012.3,0,8,1
2019/5/12,20.3,8,1,17.7,8,1,26.6,8,1,0.0,0,8,1,7.0,0,8,1,0,1,8,1,0,1,8,1,2.3,8,1,6.3,8,ñkñkêº,8,1,17.0,8,1,1013.1,8,1,72,8,1,52,8,1,8.5,8,1,20.18,8,1,8.5,8,ñkñkêº,8,1,ñkêº,8,1,1014.9,8,1,1013.4,0,8,1
2019/5/13,21.0,8,1,17.2,8,1,26.4,8,1,0.0,0,8,1,5.5,0,8,1,0,1,8,1,0,1,8,1,1.8,5,1,5.1,5,ñk),5,1,18.7,8,1,1013.5,8,1,75,8,1,57,8,1,10.0,8,1,19.89,8,1,7.3,5,ñkñkêº),5,1,ñk,8,1,1015.3,8,1,1013.8,0,8,1
2019/5/14,23.1,8,1,19.8,8,1,28.9,8,1,0.0,0,8,1,6.0,0,8,1,0,1,8,1,0,1,8,1,2.2,8,1,5.9,8,ñk,8,1,16.2,8,1,1011.0,8,1,58,8,1,37,8,1,8.0,8,1,18.87,8,1,8.1,8,ñk,8,1,ìÏìå,8,1,1012.7,8,1,1011.1,0,8,1
2019/5/15,24.1,8,1,18.3,8,1,29.9,8,1,0,1,8,1,11.7,0,8,1,0,1,8,1,0,1,8,1,2.4,8,1,5.0,8,ìåñkìå,8,1,13.8,8,1,1010.4,8,1,48,8,1,28,8,1,7.5,8,1,26.14,8,1,9.2,8,ìåñkìå,8,1,ìÏìå,8,1,1012.1,8,1,1010.1,0,8,1
2019/5/16,23.7,8,1,19.3,8,1,29.3,8,1,0,1,8,1,11.1,0,8,1,0,1,8,1,0,1,8,1,2.7,8,1,6.1,8,ñkñkêº,8,1,16.1,8,1,1010.5,8,1,56,8,1,39,8,1,5.8,8,1,26.95,8,1,8.1,8,ñkñkêº,8,1,ìÏìå,8,1,1012.3,8,1,1011.0,0,8,1
2019/5/17,24.4,8,1,19.9,8,1,29.8,8,1,0,1,8,1,10.0,0,8,1,0,1,8,1,0,1,8,1,4.1,8,1,7.3,8,ìÏìå,8,1,14.2,8,1,1010.8,8,1,47,8,1,34,8,1,8.5,8,1,24.21,8,1,13.5,8,ìÏìå,8,1,ìÏìå,8,1,1012.6,8,1,1010.5,0,8,1
2019/5/18,21.4,8,1,18.7,8,1,23.8,8,1,5.5,0,8,1,0.4,0,8,1,0,1,8,1,0,1,8,1,3.3,8,1,6.4,8,ìÏìå,8,1,18.3,8,1,1008.2,8,1,72,8,1,49,8,1,10.0,8,1,7.02,8,1,12.3,8,ìÏìå,8,1,ìåìÏìå,8,1,1010.0,8,1,1008.0,0,8,1
2019/5/19,23.9,8,1,20.8,8,1,27.5,8,1,0.0,0,8,1,0.6,0,8,1,0,1,8,1,0,1,8,1,3.7,4,1,6.6,4,ìÏìå],1,1,19.3,8,1,1007.9,8,1,66,8,1,53,8,1,8.5,8,1,10.83,8,1,12.0,4,ìÏìå],1,1,ìÏìå,4,1,1009.6,8,1,1008.2,0,8,1
2019/5/20,21.0,8,1,16.8,8,1,26.1,8,1,24.5,0,8,1,3.4,0,8,1,0,1,8,1,0,1,8,1,3.1,8,1,5.6,8,ñkêº,8,1,19.3,8,1,1004.1,8,1,77,8,1,60,8,1,9.8,8,1,10.38,8,1,10.0,8,ìÏìå,8,1,êº,8,1,1005.8,8,1,1003.8,0,8,1
2019/5/21,19.2,8,1,14.8,8,1,23.7,8,1,0,1,8,1,12.7,0,8,1,0,1,8,1,0,1,8,1,3.1,8,1,6.5,8,ñkñkêº,8,1,11.4,8,1,1006.3,8,1,52,8,1,34,8,1,4.5,8,1,30.03,8,1,10.2,8,ñkñkêº,8,1,ñkñkêº,8,1,1008.0,8,1,1006.9,0,8,1
2019/5/22,20.9,8,1,15.0,8,1,27.4,8,1,0,1,8,1,12.9,0,8,1,0,1,8,1,0,1,8,1,2.9,8,1,6.7,8,ñkñkêº,8,1,10.4,8,1,1007.3,8,1,44,8,1,22,8,1,1.8,8,1,24.27,5,1,11.5,8,êºñkêº,8,1,ìÏìå,8,1,1009.0,8,1,1007.9,0,8,1
2019/5/23,23.5,8,1,16.6,8,1,29.7,8,1,0,1,8,1,12.9,0,8,1,0,1,8,1,0,1,8,1,3.0,8,1,6.4,8,ñkêº,8,1,10.6,8,1,1009.3,8,1,40,8,1,15,8,1,0.3,8,1,27.59,8,1,11.0,8,êºñkêº,8,1,ìÏìå,8,1,1011.0,8,1,1009.8,0,8,1
2019/5/24,25.3,8,1,18.9,8,1,32.2,8,1,0,1,8,1,12.7,0,8,1,0,1,8,1,0,1,8,1,3.0,8,1,5.6,8,êº,8,1,13.8,8,1,1012.0,8,1,46,8,1,19,8,1,0.0,8,1,27.20,8,1,11.9,8,êº,8,1,ìÏìå,8,1,1013.7,8,1,1012.1,0,8,1
2019/5/25,25.0,8,1,20.5,8,1,31.6,8,1,0,1,8,1,12.5,0,8,1,0,1,8,1,0,1,8,1,2.7,8,1,6.3,8,ñkñkêº,8,1,14.5,8,1,1014.6,8,1,48,8,1,16,8,1,7.5,8,1,25.69,8,1,8.6,8,ñkêº,8,1,ñk,8,1,1016.3,8,1,1014.2,0,8,1
2019/5/26,25.1,8,1,21.6,8,1,30.9,8,1,0,1,8,1,9.2,0,8,1,0,1,8,1,0,1,8,1,2.4,8,1,5.6,8,ñk,8,1,16.3,8,1,1015.1,8,1,51,8,1,30,8,1,9.8,8,1,24.98,8,1,8.7,8,ñk,8,1,ñk,8,1,1016.8,8,1,1015.5,0,8,1
2019/5/27,23.6,8,1,21.5,8,1,25.5,8,1,3.5,0,8,1,0.0,0,8,1,0,1,8,1,0,1,8,1,4.0,8,1,9.1,8,ìÏìÏìå,8,1,18.1,8,1,1009.5,8,1,62,8,1,48,8,1,10.0,8,1,5.23,8,1,17.8,8,ìåìÏìå,8,1,ìÏìÏìå,8,1,1011.2,8,1,1007.6,0,8,1
2019/5/28,20.5,8,1,17.6,8,1,23.6,8,1,4.0,0,8,1,4.2,0,8,1,0,1,8,1,0,1,8,1,3.7,8,1,7.5,8,ñk,8,1,18.0,8,1,1007.4,8,1,75,8,1,53,8,1,9.3,8,1,16.34,8,1,12.2,8,ñk,8,1,ñk,8,1,1009.1,8,1,1006.7,0,8,1
2019/5/29,22.3,8,1,16.5,8,1,27.8,8,1,0,1,8,1,9.7,0,8,1,0,1,8,1,0,1,8,1,2.1,8,1,4.8,8,ñk,8,1,11.8,8,1,1009.5,8,1,46,8,1,19,8,1,5.5,8,1,24.27,8,1,7.4,8,êº,8,1,êºìÏêº,8,1,1011.2,8,1,1009.4,0,8,1
2019/5/30,22.7,8,1,17.4,8,1,29.9,8,1,0,1,8,1,10.1,0,8,1,0,1,8,1,0,1,8,1,2.3,8,1,4.6,8,ñkñkêº,8,1,14.4,8,1,1010.2,8,1,53,8,1,25,8,1,7.3,8,1,23.49,8,1,6.9,8,ñkêº,8,1,ìÏìå,8,1,1011.9,8,1,1010.3,0,8,1
2019/5/31,19.9,8,1,17.2,8,1,23.0,8,1,4.5,0,8,1,0.0,0,8,1,0,1,8,1,0,1,8,1,1.9,8,1,7.2,8,ñk,8,1,16.3,8,1,1009.5,8,1,71,8,1,56,8,1,10.0,8,1,5.38,8,1,10.5,8,ñkñkìå,8,1,ìÏìå,8,1,1011.3,8,1,1009.5,0,8,1
2019/6/1,21.8,8,1,18.4,8,1,25.8,8,1,0,1,8,1,10.2,0,8,1,0,1,8,1,0,1,8,1,2.2,8,1,6.4,8,ñk,8,1,17.6,8,1,1008.5,8,1,68,8,1,51,8,1,10.0,8,1,25.41,8,1,9.4,8,ñk,8,1,ñk,8,1,1010.2,8,1,1009.1,0,8,1
2019/6/2,22.8,8,1,20.7,8,1,28.0,8,1,0.0,0,8,1,1.5,0,8,1,0,1,8,1,0,1,8,1,1.6,8,1,5.1,8,ñk,8,1,19.7,8,1,1005.7,8,1,71,8,1,56,8,1,10.0,8,1,10.67,8,1,7.1,8,ñkñkêº,8,1,ñk,8,1,1007.4,8,1,1005.8,0,8,1
2019/6/3,24.2,8,1,20.1,8,1,28.1,8,1,0,1,8,1,10.1,0,8,1,0,1,8,1,0,1,8,1,2.3,8,1,5.0,8,ñk,8,1,20.5,8,1,1006.9,8,1,68,8,1,57,8,1,8.8,8,1,22.48,8,1,6.7,8,ìÏìÏìå,8,1,ñk,8,1,1008.6,8,1,1007.1,0,8,1
2019/6/4,24.9,8,1,22.1,8,1,29.6,8,1,0.0,0,8,1,3.9,0,8,1,0,1,8,1,0,1,8,1,2.2,8,1,5.2,8,ñk,8,1,22.4,8,1,1007.2,8,1,71,8,1,60,8,1,9.5,8,1,15.38,8,1,7.8,8,ìÏìÏìå,8,1,ñk,8,1,1008.9,8,1,1007.0,0,8,1
2019/6/5,25.3,8,1,22.1,8,1,31.1,8,1,0,1,8,1,10.7,0,8,1,0,1,8,1,0,1,8,1,2.4,8,1,6.2,8,ñk,8,1,23.5,8,1,1009.8,8,1,74,8,1,53,8,1,2.8,8,1,26.54,8,1,9.7,8,ìÏìå,8,1,ñk,8,1,1011.5,8,1,1008.7,0,8,1
2019/6/6,25.1,8,1,21.2,8,1,30.2,8,1,5.5,0,8,1,10.9,0,8,1,0,1,8,1,0,1,8,1,3.0,8,1,7.4,8,ìÏìå,8,1,23.1,8,1,1009.6,8,1,73,8,1,55,8,1,7.5,8,1,24.81,8,1,13.5,8,ìÏìå,8,1,ìÏìå,8,1,1011.3,8,1,1005.2,0,8,1
2019/6/7,24.9,8,1,19.4,8,1,30.9,8,1,13.5,0,8,1,2.6,0,8,1,0,1,8,1,0,1,8,1,4.5,8,1,9.1,8,ìÏêº,8,1,22.8,8,1,1000.7,8,1,73,8,1,44,8,1,9.8,8,1,13.09,8,1,17.2,8,ìÏêº,8,1,ìÏìÏêº,8,1,1002.4,8,1,1000.4,0,8,1
2019/6/8,21.1,8,1,18.6,8,1,25.0,8,1,3.0,0,8,1,4.3,0,8,1,0,1,8,1,0,1,8,1,4.0,8,1,6.9,8,ñk,8,1,20.1,8,1,1006.1,8,1,80,8,1,65,8,1,10.0,8,1,16.22,8,1,11.0,8,ñk,8,1,ñk,8,1,1007.8,8,1,1006.0,0,8,1
2019/6/9,21.4,8,1,18.6,8,1,25.9,8,1,0,1,8,1,4.7,0,8,1,0,1,8,1,0,1,8,1,3.1,8,1,7.9,8,ñk,8,1,18.9,8,1,1002.9,8,1,74,8,1,62,8,1,8.5,8,1,20.07,8,1,11.5,8,ñkñkìå,8,1,ñk,8,1,1004.6,8,1,1003.4,0,8,1
2019/6/10,21.6,8,1,19.5,8,1,25.9,8,1,0,1,8,1,10.5,0,8,1,0,1,8,1,0,1,8,1,4.8,8,1,8.4,8,ñk,8,1,18.1,8,1,1003.5,8,1,71,8,1,57,8,1,4.0,8,1,27.32,8,1,12.2,8,ñk,8,1,ñk,8,1,1005.2,8,1,1003.6,0,8,1
2019/6/11,21.1,8,1,18.4,8,1,25.8,8,1,0,1,8,1,12.7,0,8,1,0,1,8,1,0,1,8,1,5.0,8,1,9.1,8,ñk,8,1,17.3,8,1,1006.0,8,1,70,8,1,54,8,1,3.0,8,1,28.68,8,1,13.1,8,ñk,8,1,ñkñkìå,8,1,1007.7,8,1,1006.6,0,8,1
2019/6/12,21.2,8,1,18.7,8,1,25.4,8,1,0.0,0,8,1,7.0,0,8,1,0,1,8,1,0,1,8,1,4.3,8,1,8.9,8,ñk,8,1,18.7,8,1,1008.2,8,1,75,8,1,60,8,1,7.3,8,1,22.99,8,1,12.4,8,ñk,8,1,ñk,8,1,1009.9,8,1,1009.0,0,8,1
2019/6/13,22.6,8,1,17.6,8,1,28.6,8,1,0,1,8,1,12.3,0,8,1,0,1,8,1,0,1,8,1,2.5,8,1,5.8,8,ñkñkêº,8,1,19.5,8,1,1008.0,8,1,72,8,1,50,8,1,5.0,8,1,28.04,8,1,7.7,8,ñkñkêº,8,1,ñkñkêº,8,1,1009.8,8,1,1008.0,0,8,1
2019/6/14,22.6,8,1,19.7,8,1,25.6,8,1,8.0,0,8,1,0.0,0,8,1,0,1,8,1,0,1,8,1,2.5,8,1,6.2,8,ñk,8,1,21.0,8,1,1001.9,8,1,77,8,1,61,8,1,10.0,8,1,6.32,8,1,9.4,8,ìåñkìå,8,1,ìÏìå,8,1,1003.6,8,1,998.1,0,8,1
2019/6/15,20.2,8,1,19.1,8,1,22.0,8,1,37.5,0,8,1,1.5,0,8,1,0,1,8,1,0,1,8,1,4.5,8,1,10.5,8,ñkñkêº,8,1,20.7,8,1,995.9,8,1,88,8,1,69,8,1,9.8,8,1,6.67,8,1,16.8,8,ñkñkêº,8,1,ñk,8,1,997.6,8,1,995.4,0,8,1
2019/6/16,21.7,8,1,19.1,8,1,25.5,8,1,0.0,0,8,1,6.6,0,8,1,0,1,8,1,0,1,8,1,3.5,8,1,7.2,8,ñk,8,1,19.0,8,1,1005.4,8,1,73,8,1,61,8,1,9.8,8,1,22.20,8,1,10.1,8,ñk,8,1,ñk,8,1,1007.1,8,1,1001.2,0,8,1
2019/6/17,22.2,8,1,17.6,8,1,27.4,8,1,0,1,8,1,11.7,0,8,1,0,1,8,1,0,1,8,1,2.3,8,1,5.7,8,ñkñkêº,8,1,17.9,8,1,1011.2,8,1,68,8,1,48,8,1,7.0,8,1,26.61,8,1,8.5,8,ñkñkêº,8,1,ñk,8,1,1012.9,8,1,1011.8,0,8,1
2019/6/18,22.2,8,1,19.7,8,1,25.8,8,1,0.0,0,8,1,0.5,0,8,1,0,1,8,1,0,1,8,1,1.7,8,1,4.1,8,ìÏ,8,1,17.9,8,1,1010.3,8,1,68,8,1,45,8,1,10.0,8,1,8.26,8,1,6.9,8,ìÏìÏêº,8,1,ìÏìÏìå,8,1,1012.0,8,1,1010.0,0,8,1
2019/6/19,23.2,8,1,19.2,8,1,28.5,8,1,0,1,8,1,11.2,0,8,1,0,1,8,1,0,1,8,1,2.7,8,1,6.8,8,ñkñkêº,8,1,20.2,8,1,1004.7,8,1,71,8,1,57,8,1,9.3,8,1,25.86,8,1,10.8,8,ñkñkêº,8,1,ñkñkêº,8,1,1006.4,8,1,1004.2,0,8,1
2019/6/20,24.8,8,1,20.6,8,1,29.9,8,1,0,1,8,1,10.0,0,8,1,0,1,8,1,0,1,8,1,2.2,8,1,5.4,8,ñkñkìå,8,1,22.2,8,1,1005.3,8,1,72,8,1,48,8,1,4.3,8,1,25.82,8,1,7.5,8,ñkñkêº,8,1,ñk,8,1,1007.0,8,1,1005.9,0,8,1
2019/6/21,25.8,8,1,22.9,8,1,30.9,8,1,0,1,8,1,8.2,0,8,1,0,1,8,1,0,1,8,1,2.2,8,1,7.3,8,ñkñkêº,8,1,22.3,8,1,1003.9,8,1,68,8,1,46,8,1,6.0,8,1,22.85,8,1,9.7,8,ñkñkêº,8,1,ñkñkêº,8,1,1005.6,8,1,1003.9,0,8,1
2019/6/22,23.5,8,1,19.9,8,1,27.5,8,1,0,1,8,1,4.1,0,8,1,0,1,8,1,0,1,8,1,5.0,8,1,8.9,8,ñk,8,1,22.3,8,1,1003.9,8,1,77,8,1,64,8,1,10.0,8,1,19.52,8,1,12.7,8,ñk,8,1,ñk,8,1,1005.6,8,1,1004.6,0,8,1
2019/6/23,22.0,8,1,19.5,8,1,25.7,8,1,0.0,0,8,1,11.6,0,8,1,0,1,8,1,0,1,8,1,4.8,8,1,8.3,8,ñk,8,1,17.7,8,1,1005.6,8,1,67,8,1,51,8,1,2.8,8,1,28.28,8,1,13.7,8,ñk,8,1,ñk,8,1,1007.3,8,1,1005.7,0,8,1
2019/6/24,22.5,8,1,19.7,8,1,26.3,8,1,0.0,0,8,1,11.5,0,8,1,0,1,8,1,0,1,8,1,4.4,8,1,7.8,8,ñk,8,1,18.6,8,1,1010.8,8,1,69,8,1,55,8,1,2.8,8,1,28.64,8,1,10.8,8,ñk,8,1,ñk,8,1,1012.5,8,1,1008.8,0,8,1
2019/6/25,24.5,8,1,18.7,8,1,30.0,8,1,0,1,8,1,13.1,0,8,1,0,1,8,1,0,1,8,1,2.1,8,1,6.0,8,ñk,8,1,20.7,8,1,1012.6,8,1,68,8,1,50,8,1,4.5,8,1,28.40,8,1,7.9,8,ñk,8,1,ñk,8,1,1014.3,8,1,1012.6,0,8,1
2019/6/26,24.9,8,1,21.2,8,1,28.8,8,1,7.0,0,8,1,0.0,0,8,1,0,1,8,1,0,1,8,1,2.2,8,1,4.8,8,ìÏ,8,1,24.4,8,1,1008.2,8,1,78,8,1,57,8,1,10.0,8,1,5.56,8,1,8.7,8,ìÏ,8,1,ìåìÏìå,8,1,1009.9,8,1,1006.1,0,8,1
2019/6/27,26.4,8,1,23.3,8,1,32.1,8,1,8.0,0,8,1,4.4,0,8,1,0,1,8,1,0,1,8,1,3.2,8,1,7.1,8,ìÏìå,8,1,27.5,8,1,1000.3,8,1,81,8,1,57,8,1,9.8,8,1,16.54,8,1,14.4,8,ìÏìå,8,1,ìåìÏìå,8,1,1002.0,8,1,998.7,0,8,1
2019/6/28,25.1,8,1,23.6,8,1,28.4,8,1,3.5,0,8,1,1.3,0,8,1,0,1,8,1,0,1,8,1,2.0,8,1,4.4,8,ñkñkêº,8,1,27.2,8,1,1001.4,8,1,86,8,1,71,8,1,9.8,8,1,12.53,8,1,6.1,8,ñkñkêº,8,1,ñkñkêº,8,1,1003.1,8,1,1001.9,0,8,1
2019/6/29,27.0,8,1,22.8,8,1,29.6,8,1,1.0,0,8,1,2.4,0,8,1,0,1,8,1,0,1,8,1,2.8,8,1,6.9,8,ìÏìÏêº,8,1,28.0,8,1,998.9,8,1,79,8,1,65,8,1,9.5,8,1,8.91,8,1,13.3,8,ìÏìÏêº,8,1,ìÏìÏìå,8,1,1000.6,8,1,997.9,0,8,1
2019/6/30,25.9,8,1,22.6,8,1,29.8,8,1,7.0,0,8,1,0.4,0,8,1,0,1,8,1,0,1,8,1,2.9,8,1,7.3,8,ìÏìÏêº,8,1,27.6,8,1,1000.0,8,1,83,8,1,70,8,1,10.0,8,1,8.47,8,1,14.6,8,ìÏìÏêº,8,1,êºñkêº,8,1,1001.7,8,1,997.1,0,8,1
2019/7/1,23.9,8,1,21.4,8,1,28.2,8,1,5.0,0,8,1,0.5,0,8,1,0,1,8,1,0,1,8,1,1.6,8,1,5.4,8,ìÏìå,8,1,25.6,8,1,1004.7,8,1,86,8,1,72,8,1,10.0,8,1,9.86,8,1,8.2,8,ìÏìå,8,1,ìÏìå,8,1,1006.4,8,1,1004.0,0,8,1
2019/7/2,23.3,8,1,21.2,8,1,26.0,8,1,5.0,0,8,1,0.1,0,8,1,0,1,8,1,0,1,8,1,1.5,8,1,5.6,8,ñkñkêº,8,1,24.4,8,1,1007.9,8,1,85,8,1,71,8,1,10.0,8,1,8.09,8,1,9.0,8,ñk,8,1,ìÏêº,8,1,1009.6,8,1,1008.1,0,8,1
2019/7/3,23.3,8,1,22.1,8,1,25.3,8,1,8.5,0,8,1,0.0,0,8,1,0,1,8,1,0,1,8,1,1.5,8,1,4.4,8,ìÏìå,8,1,25.8,8,1,1006.3,8,1,91,8,1,79,8,1,10.0,8,1,3.90,8,1,8.5,8,ìÏìå,8,1,ìåìÏìå,8,1,1008.0,8,1,1003.8,0,8,1
2019/7/4,24.6,8,1,22.4,8,1,29.3,8,1,0.5,0,8,1,8.8,0,8,1,0,1,8,1,0,1,8,1,2.5,8,1,5.1,8,ñkñkêº,8,1,25.1,8,1,1004.4,8,1,82,8,1,59,8,1,8.8,8,1,23.85,8,1,7.3,8,ñkñkêº,8,1,ñkñkêº,8,1,1006.1,8,1,1004.9,0,8,1
2019/7/5,24.4,8,1,21.8,8,1,28.0,8,1,0,1,8,1,1.5,0,8,1,0,1,8,1,0,1,8,1,1.9,8,1,4.1,8,ñk,8,1,24.6,8,1,1000.8,8,1,81,8,1,69,8,1,10.0,8,1,14.13,8,1,6.0,8,ñk,8,1,ñk,8,1,1002.5,8,1,1000.4,0,8,1
2019/7/6,25.3,8,1,22.8,8,1,29.6,8,1,0,1,8,1,9.2,0,8,1,0,1,8,1,0,1,8,1,3.6,8,1,9.5,8,ñk,8,1,25.5,8,1,1000.5,8,1,79,8,1,57,8,1,4.0,8,1,23.84,8,1,14.7,8,ñk,8,1,ñk,8,1,1002.2,8,1,1000.6,0,8,1
2019/7/7,24.3,8,1,22.2,8,1,28.8,8,1,0,1,8,1,5.2,0,8,1,0,1,8,1,0,1,8,1,3.2,8,1,6.3,8,ñk,8,1,23.5,8,1,1004.5,8,1,78,8,1,62,8,1,7.8,8,1,20.29,8,1,9.4,8,ñk,8,1,ñk,8,1,1006.2,8,1,1004.6,0,8,1
2019/7/8,24.8,8,1,22.3,8,1,29.3,8,1,0.0,0,8,1,5.7,0,8,1,0,1,8,1,0,1,8,1,2.9,8,1,6.7,8,ñk,8,1,24.6,8,1,1003.3,8,1,79,8,1,65,8,1,9.5,8,1,19.40,8,1,10.8,8,ñk,8,1,ñk,8,1,1005.0,8,1,1003.6,0,8,1
2019/7/9,24.4,8,1,22.7,8,1,28.7,8,1,2.0,0,8,1,1.3,0,8,1,0,1,8,1,0,1,8,1,2.4,8,1,6.3,8,ñk,8,1,26.3,8,1,1002.6,8,1,86,8,1,69,8,1,10.0,8,1,12.15,8,1,10.1,8,ñkñkìå,8,1,ñk,8,1,1004.3,8,1,1003.3,0,8,1
2019/7/10,25.2,8,1,23.0,8,1,28.2,8,1,10.5,0,8,1,0.8,0,8,1,0,1,8,1,0,1,8,1,3.0,8,1,6.4,8,ìÏìÏìå,8,1,27.2,8,1,1001.9,8,1,85,8,1,66,8,1,9.8,8,1,9.97,8,1,10.8,8,ìÏìå,8,1,ìÏìå,8,1,1003.6,8,1,1001.9,0,8,1
2019/7/11,27.3,8,1,24.5,8,1,29.7,8,1,0.0,0,8,1,2.9,0,8,1,0,1,8,1,0,1,8,1,3.4,8,1,6.4,8,ìÏìÏêº,8,1,25.8,8,1,1003.5,8,1,71,8,1,59,8,1,7.0,8,1,11.40,8,1,14.2,8,ìÏêº,8,1,êºìÏêº,8,1,1005.2,8,1,1001.7,0,8,1
2019/7/12,25.2,8,1,23.3,8,1,28.8,8,1,0.0,0,8,1,7.5,0,8,1,0,1,8,1,0,1,8,1,3.0,8,1,6.8,8,ñkêº,8,1,22.8,8,1,1005.7,8,1,71,8,1,60,8,1,9.3,8,1,22.93,8,1,10.5,8,ñkêº,8,1,ñkñkêº,8,1,1007.4,8,1,1005.9,0,8,1
2019/7/13,22.1,8,1,20.4,8,1,23.9,8,1,54.5,0,8,1,0.0,0,8,1,0,1,8,1,0,1,8,1,1.4,8,1,4.5,8,ìÏìå,8,1,24.3,8,1,1000.7,8,1,92,8,1,83,8,1,10.0,8,1,3.23,8,1,7.7,8,ìÏìå,8,1,ñkñkêº,8,1,1002.4,8,1,998.7,0,8,1
2019/7/14,23.0,8,1,21.3,8,1,25.6,8,1,3.5,0,8,1,0.5,0,8,1,0,1,8,1,0,1,8,1,2.9,8,1,6.6,8,ñk,8,1,25.7,8,1,1000.1,8,1,92,8,1,81,8,1,10.0,8,1,8.09,8,1,9.6,8,ñkñkìå,8,1,ñk,8,1,1001.8,8,1,999.4,0,8,1
2019/7/15,24.7,8,1,22.3,8,1,28.2,8,1,0.0,0,8,1,9.2,0,8,1,0,1,8,1,0,1,8,1,3.6,8,1,7.0,8,ñk,8,1,25.6,8,1,1005.4,8,1,83,8,1,69,8,1,8.3,8,1,26.25,8,1,9.8,8,ñkñkêº,8,1,ñkñkêº,8,1,1007.1,8,1,1004.7,0,8,1
2019/7/16,25.2,8,1,22.0,8,1,29.2,8,1,0,1,8,1,12.1,0,8,1,0,1,8,1,0,1,8,1,2.5,8,1,5.9,8,ñk,8,1,25.5,8,1,1008.6,8,1,80,8,1,67,8,1,1.3,8,1,26.97,8,1,8.5,8,ñk,8,1,ñkñkêº,8,1,1010.3,8,1,1009.2,0,8,1
2019/7/17,25.9,8,1,23.5,8,1,31.2,8,1,1.5,0,8,1,3.2,0,8,1,0,1,8,1,0,1,8,1,1.5,8,1,4.4,8,ñkñkêº,8,1,28.4,8,1,1009.6,8,1,85,8,1,67,8,1,9.5,8,1,12.79,8,1,6.2,8,ñkñkêº,8,1,ñk,8,1,1011.3,8,1,1010.4,0,8,1
2019/7/18,25.0,8,1,24.3,8,1,25.9,8,1,93.0,0,8,1,0.0,0,8,1,0,1,8,1,0,1,8,1,1.6,8,1,4.2,8,ìÏ,8,1,30.2,8,1,1008.2,8,1,95,8,1,89,8,1,10.0,8,1,4.29,8,1,6.9,8,ìÏìÏìå,8,1,ñk,8,1,1009.9,8,1,1008.3,0,8,1
2019/7/19,26.6,8,1,24.3,8,1,28.5,8,1,1.0,0,8,1,0.0,0,8,1,0,1,8,1,0,1,8,1,2.4,8,1,4.3,8,ìÏìå,8,1,28.5,8,1,1006.6,8,1,82,8,1,75,8,1,10.0,8,1,3.47,8,1,7.9,8,ìÏìå,8,1,ìÏìå,8,1,1008.3,8,1,1006.8,0,8,1
2019/7/20,26.5,8,1,25.3,8,1,28.2,8,1,38.0,0,8,1,0.0,0,8,1,0,1,8,1,0,1,8,1,3.4,8,1,5.7,8,ìÏ,8,1,29.7,8,1,1003.4,8,1,86,8,1,74,8,1,10.0,8,1,2.73,8,1,12.2,8,ìÏ,8,1,ìÏìå,8,1,1005.1,8,1,1002.6,0,8,1
2019/7/21,26.2,8,1,25.0,8,1,29.3,8,1,63.5,0,8,1,0.5,0,8,1,0,1,8,1,0,1,8,1,2.6,5,1,5.4,5,ìÏìå),5,1,31.2,8,1,1006.4,8,1,92,8,1,75,8,1,10.0,8,1,6.58,8,1,9.0,5,ìÏìÏìå),5,1,ìÏìå,8,1,1008.1,8,1,1006.2,0,8,1
2019/7/22,28.2,8,1,25.3,8,1,31.6,8,1,0.5,0,8,1,3.0,0,8,1,0,1,8,1,0,1,8,1,2.2,8,1,4.7,8,êºìÏêº,8,1,30.3,8,1,1006.7,8,1,80,8,1,66,8,1,9.0,8,1,12.53,8,1,9.5,8,êºñkêº,8,1,êº,8,1,1008.4,8,1,1007.2,0,8,1
2019/7/23,28.4,8,1,25.5,8,1,32.3,8,1,0.5,0,8,1,4.7,0,8,1,0,1,8,1,0,1,8,1,2.1,8,1,5.3,8,ñkêº,8,1,30.4,8,1,1005.8,8,1,79,8,1,63,8,1,9.8,8,1,18.88,8,1,8.7,8,ñkêº,8,1,ìÏìå,8,1,1007.5,8,1,1005.8,0,8,1
2019/7/24,29.5,8,1,26.1,8,1,33.8,8,1,0.0,0,8,1,3.8,0,8,1,0,1,8,1,0,1,8,1,2.5,8,1,5.2,8,ìÏìÏêº,8,1,28.3,8,1,1005.8,8,1,69,8,1,54,8,1,8.3,8,1,14.98,8,1,8.2,8,ìÏìÏêº,8,1,ìÏìå,8,1,1007.5,8,1,1006.5,0,8,1
2019/7/25,29.6,8,1,27.1,8,1,34.4,8,1,0,1,8,1,5.3,0,8,1,0,1,8,1,0,1,8,1,2.3,8,1,4.7,8,ìÏìÏêº,8,1,30.2,8,1,1006.6,8,1,73,8,1,54,8,1,7.3,8,1,18.41,8,1,8.2,8,ìÏìÏêº,8,1,ìÏìå,8,1,1008.3,8,1,1006.7,0,8,1
2019/7/26,29.7,8,1,26.8,8,1,35.0,8,1,0.0,0,8,1,9.4,0,8,1,0,1,8,1,0,1,8,1,2.8,8,1,6.0,8,ñk,8,1,30.2,8,1,1005.5,8,1,73,8,1,52,8,1,3.8,8,1,23.83,8,1,7.7,8,ñk,8,1,ìÏìå,8,1,1007.2,8,1,1005.3,0,8,1
2019/7/27,29.9,8,1,27.0,8,1,33.6,8,1,0,1,8,1,5.7,0,8,1,0,1,8,1,0,1,8,1,2.2,8,1,4.4,8,ìÏ,8,1,29.1,8,1,1007.1,8,1,69,8,1,57,8,1,5.8,8,1,13.54,8,1,8.6,8,ìÏêº,8,1,ìÏìÏìå,8,1,1008.8,8,1,1007.0,0,8,1
2019/7/28,30.4,8,1,27.7,8,1,33.8,8,1,0.0,0,8,1,9.4,0,8,1,0,1,8,1,0,1,8,1,2.4,8,1,4.7,8,ñk,8,1,31.3,8,1,1010.3,8,1,73,8,1,54,8,1,6.3,8,1,21.49,8,1,7.3,8,ñk,8,1,ñk,8,1,1012.0,8,1,1010.7,0,8,1
2019/7/29,29.6,8,1,27.2,8,1,32.7,8,1,3.0,0,8,1,3.1,0,8,1,0,1,8,1,0,1,8,1,2.1,8,1,4.8,8,ìÏ,8,1,30.5,8,1,1010.7,8,1,74,8,1,61,8,1,7.5,8,1,11.22,8,1,8.8,8,ìÏìÏêº,8,1,ìÏìå,8,1,1012.4,8,1,1011.5,0,8,1
2019/7/30,30.2,8,1,27.2,8,1,34.4,8,1,5.0,0,8,1,8.6,0,8,1,0,1,8,1,0,1,8,1,2.2,8,1,5.7,8,ìÏìÏêº,8,1,31.8,8,1,1009.6,8,1,75,8,1,56,8,1,5.5,8,1,21.99,8,1,9.3,8,ìÏêº,8,1,ìÏìå,8,1,1011.3,8,1,1009.9,0,8,1
2019/7/31,30.5,8,1,26.8,8,1,34.6,8,1,0,1,8,1,11.4,0,8,1,0,1,8,1,0,1,8,1,2.5,8,1,6.5,8,ñkñkêº,8,1,30.8,8,1,1010.4,8,1,71,8,1,57,8,1,3.3,8,1,26.63,8,1,8.3,8,ñkñkêº,8,1,ñkñkêº,8,1,1012.1,8,1,1011.1,0,8,1
2019/8/1,30.7,8,1,27.4,8,1,35.1,8,1,0,1,8,1,10.1,0,8,1,0,1,8,1,0,1,8,1,2.6,8,1,6.2,8,ñk,8,1,30.9,8,1,1010.8,8,1,71,8,1,49,8,1,6.3,8,1,25.40,8,1,8.4,8,ñk,8,1,ñk,8,1,1012.5,8,1,1010.7,0,8,1
2019/8/2,30.5,8,1,28.1,8,1,34.9,8,1,0,1,8,1,11.2,0,8,1,0,1,8,1,0,1,8,1,2.6,8,1,6.7,8,ñk,8,1,31.8,8,1,1009.4,8,1,73,8,1,56,8,1,2.5,8,1,25.76,8,1,9.1,8,ñk,8,1,ñkñkêº,8,1,1011.1,8,1,1009.1,0,8,1
2019/8/3,31.7,8,1,28.3,8,1,37.6,8,1,0,1,8,1,8.6,0,8,1,0,1,8,1,0,1,8,1,2.4,8,1,5.0,8,êº,8,1,29.3,8,1,1008.3,8,1,63,8,1,38,8,1,1.3,8,1,19.99,8,1,9.5,8,êº,8,1,ìåìÏìå,8,1,1010.0,8,1,1008.3,0,8,1
2019/8/4,30.7,8,1,27.5,8,1,34.8,8,1,0,1,8,1,12.4,0,8,1,0,1,8,1,0,1,8,1,2.7,8,1,5.6,8,ñkêº,8,1,29.1,8,1,1008.0,8,1,66,8,1,45,8,1,1.0,8,1,26.74,8,1,7.9,8,ñkñkêº,8,1,ìÏìå,8,1,1009.7,8,1,1008.4,0,8,1
2019/8/5,29.8,8,1,27.5,8,1,33.2,8,1,0,1,8,1,6.3,0,8,1,0,1,8,1,0,1,8,1,3.1,8,1,7.4,8,ñk,8,1,31.4,8,1,1006.2,8,1,75,8,1,61,8,1,7.5,8,1,16.62,8,1,10.6,8,ñkñkìå,8,1,ñk,8,1,1007.9,8,1,1005.8,0,8,1
2019/8/6,26.9,8,1,24.3,8,1,30.0,8,1,38.0,0,8,1,0.5,0,8,1,0,1,8,1,0,1,8,1,4.8,8,1,12.0,8,ìÏìÏìå,8,1,28.5,8,1,1001.0,8,1,81,8,1,60,8,1,9.8,8,1,3.97,8,1,23.3,8,ìÏìÏìå,8,1,ìåìÏìå,8,1,1002.7,8,1,997.3,0,8,1
2019/8/7,28.7,8,1,26.0,8,1,34.8,8,1,4.5,0,8,1,6.6,0,8,1,0,1,8,1,0,1,8,1,2.6,8,1,5.8,8,ñkñkêº,8,1,30.4,8,1,1006.0,8,1,78,8,1,50,8,1,6.5,8,1,20.08,8,1,9.1,8,ñk,8,1,ìÏìå,8,1,1007.7,8,1,1006.7,0,8,1
2019/8/8,30.0,8,1,26.3,8,1,35.1,8,1,9.5,0,8,1,9.5,0,8,1,0,1,8,1,0,1,8,1,2.6,8,1,6.2,8,ìÏìÏìå,8,1,30.0,8,1,1006.5,8,1,71,8,1,54,8,1,8.0,8,1,23.21,8,1,10.2,8,ìÏìå,8,1,ìÏìå,8,1,1008.2,8,1,1006.4,0,8,1
2019/8/9,29.5,8,1,25.2,8,1,33.3,8,1,0,1,8,1,5.1,0,8,1,0,1,8,1,0,1,8,1,2.1,8,1,4.7,8,ñk,8,1,28.5,8,1,1005.5,8,1,70,8,1,55,8,1,10.0,8,1,16.16,8,1,6.6,8,ñkñkêº,8,1,ñk,8,1,1007.2,8,1,1006.2,0,8,1
2019/8/10,30.9,8,1,26.5,8,1,36.0,8,1,0,1,8,1,9.7,0,8,1,0,1,8,1,0,1,8,1,2.6,8,1,5.5,8,ìåñkìå,8,1,27.0,8,1,1003.8,8,1,61,8,1,41,8,1,7.0,8,1,22.88,8,1,9.2,8,ìåñkìå,8,1,ìÏìå,8,1,1005.5,8,1,1003.3,0,8,1
2019/8/11,31.4,8,1,26.4,8,1,36.3,8,1,0,1,8,1,9.4,0,8,1,0,1,8,1,0,1,8,1,2.9,8,1,5.7,8,ìÏ,8,1,27.0,8,1,1001.9,8,1,59,8,1,47,8,1,7.8,8,1,23.90,8,1,10.0,8,ìÏìÏìå,8,1,ìÏìÏìå,8,1,1003.6,8,1,1001.3,0,8,1
2019/8/12,31.4,8,1,28.1,8,1,35.3,8,1,0,1,8,1,10.8,0,8,1,0,1,8,1,0,1,8,1,2.9,8,1,5.6,8,ñkñkêº,8,1,28.8,8,1,1000.8,8,1,63,8,1,50,8,1,5.8,8,1,24.80,8,1,7.9,8,ìÏìÏìå,8,1,ìÏìå,8,1,1002.5,8,1,1001.4,0,8,1
2019/8/13,30.7,8,1,28.3,8,1,34.9,8,1,0,1,8,1,8.8,0,8,1,0,1,8,1,0,1,8,1,3.5,8,1,8.8,8,ñk,8,1,32.1,8,1,999.0,8,1,73,8,1,56,8,1,5.3,8,1,21.70,8,1,13.1,8,ñk,8,1,ñk,8,1,1000.7,8,1,999.1,0,8,1
2019/8/14,29.3,8,1,27.0,8,1,34.6,8,1,5.5,0,8,1,4.9,0,8,1,0,1,8,1,0,1,8,1,4.2,8,1,7.9,8,ñk,8,1,32.4,8,1,992.5,8,1,81,8,1,52,8,1,8.0,8,1,11.21,8,1,12.5,8,ñk,8,1,ñk,8,1,994.2,8,1,988.1,0,8,1
2019/8/15,27.0,8,1,25.7,8,1,28.4,8,1,53.0,0,8,1,0.0,0,8,1,0,1,8,1,0,1,8,1,5.7,8,1,10.4,8,ñk,8,1,32.6,8,1,984.6,8,1,92,8,1,82,8,1,10.0,8,1,2.36,8,1,16.1,8,ñk,8,1,ñkñkêº,8,1,986.3,8,1,983.5,0,8,1
2019/8/16,29.3,8,1,27.4,8,1,32.7,8,1,0.0,0,8,1,4.7,0,8,1,0,1,8,1,0,1,8,1,3.3,8,1,5.8,8,ìÏêº,8,1,27.3,8,1,996.6,8,1,67,8,1,55,8,1,7.5,8,1,14.16,8,1,11.4,8,ìÏêº,8,1,ìÏêº,8,1,998.3,8,1,992.6,0,8,1
2019/8/17,28.6,8,1,25.6,8,1,32.5,8,1,0,1,8,1,8.9,0,8,1,0,1,8,1,0,1,8,1,2.5,8,1,5.4,8,ñkñkêº,8,1,28.1,8,1,1002.5,8,1,72,8,1,55,8,1,3.0,8,1,22.74,8,1,7.8,8,ñk,8,1,ñk,8,1,1004.2,8,1,1002.3,0,8,1
2019/8/18,27.7,8,1,26.0,8,1,29.8,8,1,0,1,8,1,0.4,0,8,1,0,1,8,1,0,1,8,1,1.5,8,1,3.9,8,ñkêº,8,1,27.9,8,1,1005.3,8,1,76,8,1,52,8,1,10.0,8,1,9.29,8,1,6.8,8,ñkñkêº,8,1,ìÏìå,8,1,1007.0,8,1,1005.9,0,8,1
2019/8/19,27.3,8,1,25.6,8,1,29.8,8,1,0.0,0,8,1,0.1,0,8,1,0,1,8,1,0,1,8,1,1.6,8,1,3.9,8,ñkñkêº,8,1,28.6,8,1,1006.7,8,1,79,8,1,63,8,1,10.0,8,1,7.75,8,1,6.1,8,ìÏìå,8,1,ìÏìÏìå,8,1,1008.4,8,1,1006.6,0,8,1
2019/8/20,26.6,8,1,23.9,8,1,29.8,8,1,85.5,0,8,1,0.1,0,8,1,0,1,8,1,0,1,8,1,1.9,8,1,6.8,8,ìÏìÏìå,8,1,30.6,8,1,1007.4,8,1,88,8,1,71,8,1,10.0,8,1,6.87,8,1,11.2,8,ìÏ,8,1,ìÏìå,8,1,1009.1,8,1,1007.7,0,8,1
2019/8/21,29.2,8,1,25.6,8,1,33.9,8,1,0.5,0,8,1,6.0,0,5,1,0,1,8,1,0,1,8,1,2.2,8,1,5.0,8,ìÏìÏêº,8,1,31.4,8,1,1008.1,8,1,78,8,1,56,8,1,6.8,8,1,18.83,8,1,7.7,8,ìÏ,8,1,ñk,8,1,1009.8,8,1,1008.7,0,8,1
2019/8/22,29.1,8,1,26.0,8,1,33.2,8,1,5.0,0,8,1,3.8,0,8,1,0,1,8,1,0,1,8,1,3.0,8,1,6.1,8,ìÏìÏêº,8,1,29.0,8,1,1007.2,8,1,73,8,1,58,8,1,8.0,8,1,14.32,8,1,10.6,8,ìÏ,8,1,ìÏ,8,1,1008.9,8,1,1007.1,0,8,1
2019/8/23,28.0,8,1,24.6,8,1,32.5,8,1,14.0,0,8,1,5.3,0,8,1,0,1,8,1,0,1,8,1,2.6,8,1,5.8,8,ñkêº,8,1,29.2,8,1,1007.7,8,1,78,8,1,57,8,1,9.3,8,1,18.06,8,1,10.7,8,ñkêº,8,1,ìÏìå,8,1,1009.4,8,1,1008.4,0,8,1
2019/8/24,24.8,8,1,19.6,8,1,29.1,8,1,2.5,0,8,1,0.0,0,8,1,0,1,8,1,0,1,8,1,2.3,8,1,5.8,8,ìÏìÏêº,8,1,23.9,8,1,1009.8,8,1,77,8,1,55,8,1,10.0,8,1,5.54,8,1,9.4,8,ìÏìÏêº,8,1,ìÏìå,8,1,1011.5,8,1,1010.1,0,8,1
2019/8/25,22.1,8,1,20.4,8,1,24.8,8,1,0.5,0,8,1,0.0,0,8,1,0,1,8,1,0,1,8,1,2.3,8,1,3.9,8,ìÏìå,8,1,21.5,8,1,1012.1,8,1,81,8,1,71,8,1,10.0,8,1,6.00,8,1,7.6,8,ìÏìå,8,1,ìÏìå,8,1,1013.8,8,1,1012.3,0,8,1
2019/8/26,21.8,8,1,18.7,8,1,23.9,8,1,18.5,0,8,1,0.0,0,8,1,0,1,8,1,0,1,8,1,1.9,8,1,3.6,8,ìÏìå,8,1,23.4,8,1,1012.0,8,1,90,8,1,73,8,1,10.0,8,1,5.96,8,1,6.0,8,ìÏìå,8,1,ìÏìå,8,1,1013.8,8,1,1011.9,0,8,1
2019/8/27,24.3,8,1,23.6,8,1,26.3,8,1,130.5,0,8,1,0.0,0,8,1,0,1,8,1,0,1,8,1,2.3,8,1,5.4,8,ìÏ,8,1,28.4,8,1,1008.3,8,1,93,8,1,79,8,1,10.0,8,1,1.68,8,1,9.5,8,ìÏìÏìå,8,1,ìåìÏìå,8,1,1010.0,8,1,1008.0,0,8,1
2019/8/28,25.7,8,1,23.7,8,1,29.3,8,1,86.0,0,8,1,0.0,0,8,1,0,1,8,1,0,1,8,1,1.9,8,1,5.1,8,ìÏ,8,1,30.2,8,1,1006.7,8,1,92,8,1,72,8,1,10.0,8,1,4.04,8,1,8.9,8,ìÏêº,8,1,ìÏ,8,1,1008.4,8,1,1007.0,0,8,1
2019/8/29,25.3,8,1,24.0,8,1,29.4,8,1,43.0,0,8,1,1.6,0,8,1,0,1,8,1,0,1,8,1,1.8,8,1,5.2,8,ñkêº,8,1,29.4,8,1,1006.4,8,1,91,8,1,65,8,1,10.0,8,1,10.16,8,1,9.7,8,êºñkêº,8,1,ñk,8,1,1008.1,8,1,1006.1,0,8,1
2019/8/30,25.6,8,1,23.2,8,1,29.6,8,1,0.5,0,8,1,1.7,0,8,1,0,1,8,1,0,1,8,1,1.7,8,1,4.9,8,êºñkêº,8,1,25.6,8,1,1008.2,8,1,79,8,1,44,8,1,9.8,8,1,12.36,8,1,8.0,8,êºñkêº,8,1,êºìÏêº,8,1,1009.9,8,1,1007.4,0,8,1
2019/8/31,24.5,8,1,20.6,8,1,29.5,8,1,0.0,0,8,1,5.7,0,8,1,0,1,8,1,0,1,8,1,1.9,8,1,5.0,8,ñkñkêº,8,1,21.7,8,1,1012.6,8,1,71,8,1,51,8,1,7.0,8,1,14.65,8,1,8.4,8,ìÏìå,8,1,ìÏìÏìå,8,1,1014.3,8,1,1012.2,0,8,1
2019/9/1,22.5,8,1,19.4,8,1,25.0,8,1,40.0,0,8,1,0.0,0,8,1,0,1,8,1,0,1,8,1,1.7,8,1,4.5,8,ñkêº,8,1,24.5,8,1,1015.6,8,1,90,8,1,74,8,1,10.0,8,1,6.08,8,1,7.6,8,ñkêº,8,1,ìÏìå,8,1,1017.4,8,1,1016.2,0,8,1
2019/9/2,25.0,8,1,23.0,8,1,29.2,8,1,4.5,0,8,1,0.8,0,8,1,0,1,8,1,0,1,8,1,1.5,8,1,4.2,8,ìÏìå,8,1,28.5,8,1,1014.7,8,1,90,8,1,71,8,1,9.3,8,1,6.03,8,1,7.2,8,ìÏìå,8,1,ìåìÏìå,8,1,1016.4,8,1,1014.7,0,8,1
2019/9/3,27.5,8,1,23.2,8,1,31.9,8,1,0.5,0,8,1,8.2,0,8,1,0,1,8,1,0,1,8,1,2.4,8,1,6.1,8,ñk,8,1,28.2,8,1,1013.1,8,1,78,8,1,59,8,1,7.0,8,1,18.65,8,1,9.0,8,ñk,8,1,ìÏìå,8,1,1014.8,8,1,1012.8,0,8,1
2019/9/4,27.2,8,1,24.5,8,1,31.2,8,1,0.0,0,8,1,4.4,0,8,1,0,1,8,1,0,1,8,1,2.0,8,1,4.4,8,ñkñkêº,8,1,28.5,8,1,1011.9,8,1,80,8,1,61,8,1,9.5,8,1,14.76,8,1,6.8,8,ìåìÏìå,8,1,ìÏìå,8,1,1013.6,8,1,1012.4,0,8,1
2019/9/5,28.4,8,1,25.1,8,1,33.2,8,1,1.0,0,8,1,8.4,0,8,1,0,1,8,1,0,1,8,1,2.2,8,1,5.0,8,ñk,8,1,28.7,8,1,1010.4,8,1,75,8,1,56,8,1,8.3,8,1,16.71,8,1,7.4,8,ñkñkêº,8,1,ìÏìÏìå,8,1,1012.1,8,1,1010.2,0,8,1
2019/9/6,29.8,8,1,25.8,8,1,34.8,8,1,0.0,0,8,1,4.3,0,8,1,0,1,8,1,0,1,8,1,3.2,8,1,8.1,8,ìÏìå,8,1,25.9,8,1,1006.4,8,1,63,8,1,40,8,1,9.0,8,1,16.20,8,1,15.1,8,ìÏìå,8,1,ìÏìå,8,1,1008.1,8,1,1005.5,0,8,1
2019/9/7,29.3,8,1,27.1,8,1,30.8,8,1,0.0,0,8,1,0.3,0,8,1,0,1,8,1,0,1,8,1,4.2,8,1,10.1,8,ìÏ,8,1,28.3,8,1,1005.0,8,1,70,8,1,63,8,1,10.0,8,1,5.66,8,1,16.6,8,ìÏ,8,1,ìÏìå,8,1,1006.7,8,1,1004.2,0,8,1
2019/9/8,28.9,8,1,25.8,8,1,34.2,8,1,0.5,0,8,1,8.5,0,8,1,0,1,8,1,0,1,8,1,2.6,8,1,5.6,8,ìÏìå,8,1,30.4,8,1,1006.6,8,1,77,8,1,51,8,1,5.8,8,1,19.89,8,1,9.8,8,ìÏìå,8,1,ìÏìÏìå,8,1,1008.3,8,1,1006.5,0,8,1
2019/9/9,30.0,8,1,25.9,8,1,34.8,8,1,0,1,8,1,10.0,0,8,1,0,1,8,1,0,1,8,1,2.3,8,1,5.5,8,ìÏìÏêº,8,1,29.5,8,1,1008.3,8,1,71,8,1,46,8,1,3.3,8,1,19.66,8,1,9.5,8,ìÏìÏêº,8,1,ìÏìå,8,1,1010.0,8,1,1008.5,0,8,1
2019/9/10,29.2,8,1,26.9,8,1,33.8,8,1,2.0,0,8,1,7.5,0,8,1,0,1,8,1,0,1,8,1,2.1,8,1,4.8,8,ñkñkêº,8,1,30.8,8,1,1012.1,8,1,76,8,1,60,8,1,5.0,8,1,17.28,8,1,7.3,8,ñkñkêº,8,1,ñk,8,1,1013.8,8,1,1012.3,0,8,1
2019/9/11,29.5,8,1,27.3,8,1,34.0,8,1,0.0,0,8,1,7.9,0,8,1,0,1,8,1,0,1,8,1,2.9,8,1,6.1,8,ñk,8,1,31.0,8,1,1012.6,8,1,76,8,1,60,8,1,7.8,8,1,20.37,8,1,8.9,8,ñkñkìå,8,1,ñk,8,1,1014.3,8,1,1012.8,0,8,1
2019/9/12,27.7,8,1,26.1,8,1,31.5,8,1,0,1,8,1,3.8,0,8,1,0,1,8,1,0,1,8,1,4.1,8,1,9.2,8,ñk,8,1,27.9,8,1,1011.1,8,1,75,8,1,63,8,1,8.5,8,1,13.65,8,1,14.6,8,ñk,8,1,ñk,8,1,1012.8,8,1,1011.1,0,8,1
2019/9/13,26.9,8,1,25.0,8,1,30.8,8,1,0.0,0,8,1,7.0,0,8,1,0,1,8,1,0,1,8,1,3.9,8,1,8.1,8,ñk,8,1,24.8,8,1,1008.8,8,1,70,8,1,59,8,1,9.5,8,1,16.51,8,1,11.7,8,ñk,8,1,ñk,8,1,1010.5,8,1,1008.8,0,8,1
2019/9/14,28.0,8,1,25.1,8,1,32.8,8,1,0,1,8,1,10.4,0,8,1,0,1,8,1,0,1,8,1,2.4,8,1,7.3,8,ñk,8,1,27.3,8,1,1008.1,8,1,72,8,1,54,8,1,4.3,8,1,21.55,8,1,9.8,8,ñkñkêº,8,1,ñkñkêº,8,1,1009.8,8,1,1008.5,0,8,1
2019/9/15,27.6,8,1,25.3,8,1,31.3,8,1,0,1,8,1,9.4,0,8,1,0,1,8,1,0,1,8,1,3.8,8,1,10.2,8,ñk,8,1,28.7,8,1,1006.4,8,1,78,8,1,63,8,1,6.0,8,1,19.81,8,1,14.3,8,ñkñkìå,8,1,ñk,8,1,1008.1,8,1,1006.2,0,8,1
2019/9/16,26.2,8,1,23.8,8,1,29.6,8,1,0,1,8,1,9.6,0,8,1,0,1,8,1,0,1,8,1,6.3,8,1,10.4,8,ñk,8,1,23.9,8,1,1006.0,8,1,70,8,1,58,8,1,5.0,8,1,21.79,8,1,16.5,8,ñkñkìå,8,1,ñkñkìå,8,1,1007.7,8,1,1006.4,0,8,1
2019/9/17,25.9,8,1,23.0,8,1,29.7,8,1,0,1,8,1,8.1,0,8,1,0,1,8,1,0,1,8,1,4.7,8,1,10.4,8,ñk,8,1,23.7,8,1,1008.7,8,1,71,8,1,58,8,1,4.8,8,1,18.49,8,1,14.9,8,ñkñkìå,8,1,ñkñkìå,8,1,1010.4,8,1,1009.0,0,8,1
2019/9/18,25.5,8,1,22.9,8,1,29.2,8,1,0,1,8,1,9.8,0,8,1,0,1,8,1,0,1,8,1,4.2,8,1,9.0,8,ñk,8,1,21.2,8,1,1011.0,8,1,65,8,1,52,8,1,1.0,8,1,21.98,8,1,13.2,8,ñk,8,1,ñk,8,1,1012.7,8,1,1011.0,0,8,1
2019/9/19,24.0,8,1,21.1,8,1,28.5,8,1,0,1,8,1,10.5,0,8,1,0,1,8,1,0,1,8,1,4.4,8,1,10.3,8,ñk,8,1,18.4,8,1,1013.0,8,1,62,8,1,48,8,1,2.3,8,1,19.95,8,1,15.1,8,ñkñkìå,8,1,ñkñkìå,8,1,1014.7,8,1,1012.9,0,8,1
2019/9/20,19.9,8,1,17.6,8,1,24.6,8,1,7.0,0,8,1,2.6,0,8,1,0,1,8,1,0,1,8,1,2.2,8,1,7.0,8,ìÏìå,8,1,18.1,8,1,1013.3,8,1,78,8,1,62,8,1,6.3,8,1,7.03,8,1,12.1,8,ìÏìå,8,1,ìÏìå,8,1,1015.1,8,1,1013.5,0,8,1
2019/9/21,22.5,8,1,17.6,8,1,25.4,8,1,0.0,0,8,1,1.0,0,8,1,0,1,8,1,0,1,8,1,2.2,8,1,5.7,8,ñkìå,8,1,21.3,8,1,1011.8,8,1,78,8,1,69,8,1,10.0,8,1,11.16,8,1,10.1,8,ìåñkìå,8,1,ñkìå,8,1,1013.5,8,1,1010.8,0,8,1
2019/9/22,24.7,8,1,22.5,8,1,26.9,8,1,50.0,0,8,1,0.0,0,8,1,0,1,8,1,0,1,8,1,4.2,8,1,19.0,8,ìÏ,8,1,27.8,8,1,997.1,8,1,89,8,1,75,8,1,10.0,8,1,3.68,8,1,34.9,8,ìÏìÏìå,8,1,ìåìÏìå,8,1,998.8,8,1,986.7,0,8,1
2019/9/23,20.8,8,1,19.7,8,1,25.9,8,1,14.0,0,8,1,0.0,0,8,1,0,1,8,1,0,1,8,1,4.5,8,1,9.3,8,ñkêº,8,1,22.0,8,1,1010.3,8,1,90,8,1,76,8,1,10.0,8,1,4.71,8,1,17.7,8,ñkñkêº,8,1,ñk,8,1,1012.1,8,1,992.6,0,8,1
2019/9/24,22.4,8,1,19.6,8,1,26.6,8,1,0.0,0,8,1,9.2,0,8,1,0,1,8,1,0,1,8,1,3.2,8,1,7.3,8,ñk,8,1,19.3,8,1,1015.2,8,1,72,8,1,57,8,1,4.3,8,1,20.91,8,1,10.7,8,ñk,8,1,ñk,8,1,1017.0,8,1,1014.9,0,8,1
2019/9/25,21.9,8,1,16.8,8,1,27.3,8,1,0,1,8,1,10.1,0,8,1,0,1,8,1,0,1,8,1,2.0,8,1,5.8,8,ñk,8,1,18.3,8,1,1018.1,8,1,70,8,1,53,8,1,6.5,8,1,19.92,8,1,10.3,8,ñkñkìå,8,1,ñk,8,1,1019.8,8,1,1018.3,0,8,1
2019/9/26,23.0,8,1,19.2,8,1,25.3,8,1,0.0,0,8,1,0.1,0,8,1,0,1,8,1,0,1,8,1,1.4,8,1,3.6,8,ìÏìå,8,1,21.5,8,1,1020.0,8,1,77,8,1,68,8,1,7.5,8,1,5.27,8,1,5.8,8,ìÏìå,8,1,ìÏìå,8,1,1021.8,8,1,1020.6,0,8,1
2019/9/27,26.0,8,1,22.6,8,1,30.5,8,1,1.5,0,8,1,4.5,0,8,1,0,1,8,1,0,1,8,1,1.9,8,1,4.4,8,ñkñkêº,8,1,25.7,8,1,1018.9,8,1,77,8,1,59,8,1,10.0,8,1,14.78,8,1,7.9,8,ìÏìå,8,1,ìÏìå,8,1,1020.6,8,1,1018.9,0,8,1
2019/9/28,26.3,8,1,24.0,8,1,31.9,8,1,14.5,0,8,1,4.2,0,8,1,0,1,8,1,0,1,8,1,2.0,8,1,5.3,8,ñk,8,1,27.7,8,1,1016.0,8,1,81,8,1,56,8,1,10.0,8,1,13.38,8,1,9.0,8,ìÏìå,8,1,ìÏìå,8,1,1017.7,8,1,1015.6,0,8,1
2019/9/29,24.9,8,1,22.6,8,1,27.6,8,1,0.0,0,8,1,1.7,0,8,1,0,1,8,1,0,1,8,1,1.4,8,1,3.7,8,ñkñkêº,8,1,27.4,8,1,1014.2,8,1,87,8,1,72,8,1,9.0,8,1,5.92,8,1,5.6,8,ñkêº,8,1,ñk,8,1,1015.9,8,1,1014.5,0,8,1
2019/9/30,25.1,8,1,22.8,8,1,28.3,8,1,0.5,0,8,1,3.0,0,8,1,0,1,8,1,0,1,8,1,1.6,8,1,5.4,8,ñkñkêº,8,1,26.9,8,1,1015.1,8,1,85,8,1,72,8,1,8.3,8,1,8.91,8,1,8.8,8,ñkêº,8,1,ñk,8,1,1016.8,8,1,1015.0,0,8,1
2019/10/1,25.0,8,1,22.7,8,1,27.4,8,1,0.0,0,8,1,0.0,0,8,1,0,1,8,1,0,1,8,1,1.5,8,1,3.8,8,ñkñkêº,8,1,26.6,8,1,1015.9,8,1,84,8,1,72,8,1,10.0,8,1,5.64,8,1,5.2,8,ñkñkêº,8,1,ìåìÏìå,8,1,1017.6,8,1,1016.2,0,8,1
2019/10/2,27.1,8,1,24.1,8,1,31.8,8,1,1.0,0,8,1,0.7,0,8,1,0,1,8,1,0,1,8,1,3.4,8,1,8.5,8,ìÏìÏìå,8,1,25.8,8,1,1009.9,8,1,72,8,1,49,8,1,9.5,8,1,5.81,8,1,15.9,8,ìÏìÏìå,8,1,ìÏìÏìå,8,1,1011.6,8,1,1006.4,0,8,1
2019/10/3,26.4,8,1,24.2,8,1,28.8,8,1,0.5,0,8,1,1.5,0,8,1,0,1,8,1,0,1,8,1,4.6,8,1,11.3,8,ìÏ,8,1,24.3,8,1,1005.8,8,1,71,8,1,62,8,1,8.0,8,1,7.90,8,1,18.5,8,ìÏìÏìå,8,1,ìÏìÏêº,8,1,1007.5,8,1,1005.0,0,8,1
2019/10/4,24.6,8,1,22.0,8,1,28.2,8,1,0.0,0,8,1,9.0,0,8,1,0,1,8,1,0,1,8,1,3.0,8,1,7.5,8,ñk,8,1,22.5,8,1,1011.0,8,1,73,8,1,59,8,1,3.3,8,1,19.17,8,1,10.9,8,ñkñkêº,8,1,ñk,8,1,1012.7,8,1,1010.6,0,8,1
2019/10/5,23.7,8,1,18.5,8,1,28.8,8,1,0.0,0,8,1,10.3,0,8,1,0,1,8,1,0,1,8,1,2.3,8,1,6.6,8,ñkñkìå,8,1,19.3,8,1,1012.9,8,1,67,8,1,47,8,1,4.0,8,1,19.63,8,1,11.7,8,ñk,8,1,ñk,8,1,1014.6,8,1,1013.0,0,8,1
2019/10/6,22.3,8,1,20.5,8,1,25.4,8,1,0.0,0,8,1,2.2,0,8,1,0,1,8,1,0,1,8,1,4.4,8,1,7.8,8,ñk,8,1,19.7,8,1,1018.2,8,1,73,8,1,62,8,1,8.3,8,1,10.28,8,1,11.9,8,ñk,8,1,ñkñkìå,8,1,1019.9,8,1,1017.1,0,8,1
2019/10/7,23.1,8,1,18.8,8,1,27.8,8,1,0.5,0,8,1,3.5,0,8,1,0,1,8,1,0,1,8,1,1.9,8,1,4.7,8,ñkñkêº,8,1,20.9,8,1,1015.1,8,1,74,8,1,54,8,1,8.8,8,1,10.28,8,1,8.0,8,êºìÏêº,8,1,ñk,8,1,1016.8,8,1,1014.2,0,8,1
2019/10/8,21.4,8,1,18.0,8,1,23.5,8,1,0.0,0,8,1,2.7,0,8,1,0,1,8,1,0,1,8,1,3.3,8,1,6.3,8,ñkñkêº,8,1,17.1,8,1,1014.7,8,1,67,8,1,53,8,1,8.5,8,1,8.98,8,1,10.1,8,ñk,8,1,ñkñkêº,8,1,1016.5,8,1,1014.5,0,8,1
2019/10/9,20.3,8,1,16.1,8,1,25.6,8,1,0,1,8,1,9.7,0,8,1,0,1,8,1,0,1,8,1,2.5,8,1,6.6,8,ñkñkêº,8,1,16.0,8,1,1015.2,8,1,68,8,1,52,8,1,2.3,8,1,17.58,8,1,10.0,8,ñk,8,1,ñk,8,1,1017.0,8,1,1015.1,0,8,1
2019/10/10,20.7,8,1,16.0,8,1,26.1,8,1,0,1,8,1,10.6,0,8,1,0,1,8,1,0,1,8,1,2.1,8,1,5.1,8,ñkñkêº,8,1,15.5,8,1,1012.7,8,1,65,8,1,41,8,1,0.0,8,1,19.41,8,1,7.4,8,ñkñkêº,8,1,ñkñkêº,8,1,1014.5,8,1,1012.6,0,8,1
2019/10/11,22.0,8,1,17.6,8,1,26.5,8,1,0.0,0,8,1,7.8,0,8,1,0,1,8,1,0,1,8,1,4.4,8,1,9.1,8,ñk,8,1,20.4,8,1,1008.8,8,1,76,8,1,63,8,1,5.0,8,1,15.92,8,1,15.0,8,ñkñkìå,8,1,ñk,8,1,1010.6,8,1,1007.9,0,8,1
2019/10/12,22.0,8,1,20.1,8,1,23.8,8,1,0.0,0,8,1,0.4,0,8,1,0,1,8,1,0,1,8,1,9.5,8,1,12.8,8,ñk,8,1,18.6,8,1,1007.6,8,1,70,8,1,60,8,1,9.5,8,1,5.35,8,1,20.9,8,ñkñkìå,8,1,ñk,8,1,1009.3,8,1,1006.3,0,8,1
2019/10/13,20.5,8,1,18.0,8,1,24.6,8,1,0,1,8,1,6.3,0,8,1,0,1,8,1,0,1,8,1,5.1,8,1,8.1,8,ñk,8,1,14.2,8,1,1016.3,8,1,59,8,1,44,8,1,4.5,8,1,15.16,8,1,14.9,8,ñk,8,1,ñkñkìå,8,1,1018.1,8,1,1014.9,0,8,1
2019/10/14,19.7,8,1,15.1,8,1,24.6,8,1,0,1,8,1,9.8,0,8,1,0,1,8,1,0,1,8,1,3.1,8,1,6.4,8,ñk,8,1,15.4,8,1,1019.7,8,1,68,8,1,50,8,1,1.8,8,1,18.72,8,1,10.8,8,ñk,8,1,ñk,8,1,1021.4,8,1,1019.8,0,8,1
2019/10/15,18.7,8,1,15.9,8,1,22.5,8,1,0,1,8,1,5.4,0,8,1,0,1,8,1,0,1,8,1,3.8,8,1,8.8,8,ñk,8,1,14.1,8,1,1022.5,8,1,66,8,1,54,8,1,5.3,8,1,12.51,8,1,14.2,8,ñkñkìå,8,1,ñkñkìå,8,1,1024.3,8,1,1022.9,0,8,1
2019/10/16,17.6,8,1,13.9,8,1,23.1,8,1,0,1,8,1,10.5,0,8,1,0,1,8,1,0,1,8,1,2.8,8,1,8.4,8,ñk,8,1,12.2,8,1,1022.1,8,1,62,8,1,37,8,1,1.5,8,1,19.12,8,1,11.5,8,ñk,8,1,ñk,8,1,1023.9,8,1,1022.0,0,8,1
2019/10/17,16.7,8,1,13.5,8,1,19.4,8,1,5.0,0,8,1,0.5,0,8,1,0,1,8,1,0,1,8,1,1.0,8,1,2.5,8,ìÏìå,8,1,15.3,8,1,1020.0,8,1,80,8,1,62,8,1,8.5,8,1,4.04,8,1,4.3,8,ìÏìÏìå,8,1,ìÏ,8,1,1021.8,8,1,1020.7,0,8,1
2019/10/18,18.6,8,1,16.9,8,1,20.0,8,1,39.5,0,8,1,0.0,0,8,1,0,1,8,1,0,1,8,1,1.2,8,1,3.6,8,ñkñkìå,8,1,20.6,8,1,1015.5,8,1,96,8,1,90,8,1,10.0,8,1,2.43,8,1,6.2,8,ñk,8,1,ñk,8,1,1017.3,8,1,1014.2,0,8,1
2019/10/19,20.7,8,1,18.1,8,1,24.3,8,1,2.0,0,8,1,3.2,0,8,1,0,1,8,1,0,1,8,1,3.6,8,1,7.9,8,ñk,8,1,21.2,8,1,1015.5,8,1,87,8,1,71,8,1,7.5,8,1,10.75,8,1,11.3,8,ñk,8,1,ñk,8,1,1017.2,8,1,1013.8,0,8,1
2019/10/20,19.9,8,1,16.5,8,1,23.7,8,1,0,1,8,1,3.9,0,8,1,0,1,8,1,0,1,8,1,2.4,8,1,5.7,8,ñk,8,1,18.2,8,1,1017.2,8,1,79,8,1,59,8,1,9.8,8,1,11.17,8,1,9.0,8,ñk,8,1,ñkñkìå,8,1,1019.0,8,1,1017.2,0,8,1
2019/10/21,19.6,8,1,16.7,8,1,24.4,8,1,0,1,8,1,6.6,0,8,1,0,1,8,1,0,1,8,1,2.7,8,1,7.9,8,ñk,8,1,17.1,8,1,1012.9,8,1,76,8,1,57,8,1,6.0,8,1,14.12,8,1,11.6,8,ñkñkìå,8,1,ñk,8,1,1014.6,8,1,1012.5,0,8,1
2019/10/22,20.1,8,1,15.1,8,1,25.6,8,1,0,1,8,1,8.2,0,8,1,0,1,8,1,0,1,8,1,2.9,8,1,8.3,8,ñk,8,1,18.0,8,1,1012.3,8,1,77,8,1,58,8,1,5.3,8,1,15.59,8,1,11.8,8,ñk,8,1,ñk,8,1,1014.0,8,1,1012.4,0,8,1
2019/10/23,19.9,8,1,17.6,8,1,23.8,8,1,24.0,0,8,1,0.4,0,8,1,0,1,8,1,0,1,8,1,1.3,8,1,3.2,8,ñk,8,1,18.5,8,1,1013.5,8,1,81,8,1,60,8,1,8.8,8,1,6.44,8,1,5.3,8,ñkìå,8,1,ñkìå,8,1,1015.2,8,1,1013.3,0,8,1
2019/10/24,18.1,8,1,17.3,8,1,18.9,8,1,51.0,0,8,1,0.0,0,8,1,0,1,8,1,0,1,8,1,2.1,8,1,4.7,8,ñk,8,1,19.9,8,1,1011.8,8,1,96,8,1,92,8,1,10.0,8,1,1.74,8,1,7.6,8,ñk,8,1,ñkñkìå,8,1,1013.6,8,1,1011.9,0,8,1
2019/10/25,20.1,8,1,17.9,8,1,22.7,8,1,13.0,0,8,1,0.9,0,8,1,0,1,8,1,0,1,8,1,3.5,8,1,7.8,8,ñkêº,8,1,20.8,8,1,1012.8,8,1,89,8,1,75,8,1,9.8,8,1,6.97,8,1,12.6,8,ñkêº,8,1,ñkñkêº,8,1,1014.6,8,1,1012.6,0,8,1
2019/10/26,19.5,8,1,16.2,8,1,23.7,8,1,0,1,8,1,6.8,0,8,1,0,1,8,1,0,1,8,1,2.6,8,1,5.7,8,ñkêº,8,1,16.7,8,1,1014.1,8,1,74,8,1,55,8,1,5.8,8,1,13.84,8,1,9.7,8,êº,8,1,êºìÏêº,8,1,1015.8,8,1,1014.5,0,8,1
2019/10/27,17.7,8,1,14.8,8,1,22.1,8,1,0,1,8,1,7.7,0,8,1,0,1,8,1,0,1,8,1,2.4,8,1,6.1,8,ñkñkêº,8,1,12.8,8,1,1015.1,8,1,64,8,1,45,8,1,9.0,8,1,15.51,8,1,8.7,8,ñk,8,1,ñkñkêº,8,1,1016.9,8,1,1015.4,0,8,1
2019/10/28,16.8,8,1,11.7,8,1,22.0,8,1,0,1,8,1,10.2,0,8,1,0,1,8,1,0,1,8,1,1.5,8,1,4.1,8,ñk,8,1,11.6,8,1,1015.4,8,1,62,8,1,33,8,1,7.0,8,1,16.07,8,1,5.7,8,ñk,8,1,ìÏìå,8,1,1017.2,8,1,1015.5,0,8,1
2019/10/29,18.8,8,1,15.7,8,1,23.3,8,1,0,1,8,1,8.7,0,8,1,0,1,8,1,0,1,8,1,2.2,8,1,6.0,8,ñkêº,8,1,13.9,8,1,1014.4,8,1,64,8,1,48,8,1,4.0,8,1,14.77,8,1,8.5,8,ñkêº,8,1,ìÏìå,8,1,1016.2,8,1,1014.8,0,8,1
2019/10/30,17.7,8,1,13.8,8,1,21.6,8,1,0,1,8,1,8.4,0,8,1,0,1,8,1,0,1,8,1,2.4,8,1,5.5,8,ñkêº,8,1,12.4,8,1,1018.6,8,1,62,8,1,46,8,1,1.8,8,1,14.63,8,1,8.3,8,ñkñkêº,8,1,ìÏêº,8,1,1020.4,8,1,1018.2,0,8,1
2019/10/31,17.0,8,1,12.7,8,1,22.6,8,1,0,1,8,1,9.9,0,8,1,0,1,8,1,0,1,8,1,2.2,8,1,4.5,8,ñk,8,1,13.3,8,1,1019.2,8,1,69,8,1,50,8,1,1.0,8,1,16.43,8,1,8.0,8,ñkñkêº,8,1,ìÏìå,8,1,1021.0,8,1,1019.1,0,8,1
2019/11/1,17.8,8,1,13.1,8,1,22.8,8,1,0,1,8,1,9.7,0,8,1,0,1,8,1,0,1,8,1,2.0,8,1,4.7,8,ñk,8,1,14.5,8,1,1018.9,8,1,72,8,1,55,8,1,0.8,8,1,15.75,8,1,6.8,8,ñk,8,1,ìÏìå,8,1,1020.7,8,1,1019.1,0,8,1
2019/11/2,18.0,8,1,13.0,8,1,23.8,8,1,0,1,8,1,8.3,0,8,1,0,1,8,1,0,1,8,1,1.7,8,1,4.8,8,ñkñkêº,8,1,14.7,8,1,1017.2,8,1,73,8,1,45,8,1,4.8,8,1,14.96,8,1,6.9,8,ìÏìå,8,1,ìÏìå,8,1,1019.0,8,1,1017.3,0,8,1
2019/11/3,17.6,8,1,15.1,8,1,20.5,8,1,0.0,0,8,1,0.0,0,8,1,0,1,8,1,0,1,8,1,1.3,8,1,3.5,8,ñkñkêº,8,1,15.0,8,1,1015.9,8,1,75,8,1,57,8,1,9.5,8,1,4.32,8,1,5.5,8,ñkêº,8,1,ìÏìÏìå,8,1,1017.7,8,1,1016.2,0,8,1
2019/11/4,16.5,8,1,12.9,8,1,20.0,8,1,0.5,0,8,1,2.6,0,8,1,0,1,8,1,0,1,8,1,3.6,8,1,7.7,8,ñk,8,1,12.4,8,1,1018.3,8,1,66,8,1,49,8,1,6.0,8,1,9.38,8,1,13.5,8,ñk,8,1,ñkñkìå,8,1,1020.1,8,1,1018.4,0,8,1
2019/11/5,14.8,8,1,11.1,8,1,20.0,8,1,0,1,8,1,9.8,0,8,1,0,1,8,1,0,1,8,1,2.1,8,1,5.7,8,ñk,8,1,9.8,8,1,1016.5,8,1,60,8,1,37,8,1,0.0,8,1,16.25,8,1,8.7,8,ñkñkêº,8,1,ñk,8,1,1018.3,8,1,1016.6,0,8,1
2019/11/6,15.2,8,1,9.6,8,1,21.7,8,1,0,1,8,1,9.8,0,8,1,0,1,8,1,0,1,8,1,1.7,8,1,4.3,8,ñk,8,1,11.9,8,1,1014.3,8,1,69,8,1,47,8,1,0.0,8,1,15.70,8,1,6.3,8,ñk,8,1,ìÏìÏìå,8,1,1016.1,8,1,1014.1,0,8,1
2019/11/7,15.7,8,1,12.0,8,1,20.9,8,1,0,1,8,1,4.9,0,8,1,0,1,8,1,0,1,8,1,2.4,8,1,5.8,8,ñkêº,8,1,11.5,8,1,1013.9,8,1,65,8,1,41,8,1,6.8,8,1,9.75,8,1,8.9,8,ñkñkêº,8,1,ìÏìÏìå,8,1,1015.7,8,1,1014.4,0,8,1
2019/11/8,16.0,8,1,11.4,8,1,22.5,8,1,0,1,8,1,8.9,0,8,1,0,1,8,1,0,1,8,1,1.7,8,1,4.5,8,ñkñkêº,8,1,11.8,8,1,1015.8,8,1,66,8,1,43,8,1,2.3,8,1,13.92,8,1,7.4,8,ñkñkêº,8,1,ìÏìå,8,1,1017.6,8,1,1016.3,0,8,1
2019/11/9,15.8,8,1,11.5,8,1,21.0,8,1,0,1,8,1,9.0,0,8,1,0,1,8,1,0,1,8,1,2.1,8,1,6.6,8,ñk,8,1,11.9,8,1,1016.6,8,1,68,8,1,47,8,1,1.8,8,1,13.68,8,1,10.4,8,ñk,8,1,ñk,8,1,1018.4,8,1,1017.5,0,8,1
2019/11/10,15.7,8,1,11.7,8,1,20.5,8,1,0,1,8,1,6.1,0,8,1,0,1,8,1,0,1,8,1,1.9,8,1,4.8,8,ìÏìÏìå,8,1,11.5,8,1,1012.9,8,1,65,8,1,45,8,1,6.0,8,1,11.80,8,1,7.3,8,ìÏìÏìå,8,1,ìÏìÏìå,8,1,1014.7,8,1,1009.7,0,8,1
2019/11/11,17.4,8,1,14.2,8,1,21.2,8,1,4.0,0,8,1,4.4,0,8,1,0,1,8,1,0,1,8,1,3.0,8,1,7.8,8,êºìÏêº,8,1,12.7,8,1,1010.1,8,1,65,8,1,43,8,1,8.0,8,1,9.84,8,1,13.7,8,êº,8,1,ìÏêº,8,1,1011.9,8,1,1009.0,0,8,1
2019/11/12,16.3,8,1,12.5,8,1,21.3,8,1,0,1,8,1,7.3,0,8,1,0,1,8,1,0,1,8,1,1.8,8,1,4.1,8,ñk,8,1,13.1,8,1,1017.3,8,1,71,8,1,55,8,1,4.0,8,1,13.13,8,1,6.3,8,ñkñkêº,8,1,ìÏìå,8,1,1019.1,8,1,1015.9,0,8,1
2019/11/13,17.0,8,1,12.2,8,1,21.3,8,1,1.0,0,8,1,4.5,0,8,1,0,1,8,1,0,1,8,1,2.1,8,1,4.7,8,ìÏìÏêº,8,1,14.0,8,1,1016.5,8,1,73,8,1,55,8,1,7.0,8,1,9.26,8,1,8.5,8,ìÏ,8,1,ìÏìÏìå,8,1,1018.3,8,1,1015.6,0,8,1
2019/11/14,13.4,8,1,8.8,8,1,17.4,8,1,1.0,0,8,1,6.1,0,8,1,0,1,8,1,0,1,5,1,4.2,8,1,9.1,8,ñk,8,1,8.8,8,1,1018.9,8,1,57,8,1,40,8,1,6.0,8,1,12.64,8,1,15.4,8,ñk,8,1,ñkñkêº,8,1,1020.7,8,1,1016.1,0,8,1
2019/11/15,11.3,8,1,6.8,8,1,16.7,8,1,0,1,8,1,9.5,0,8,1,0,1,8,1,0,1,8,1,1.7,8,1,3.3,8,ñk,8,1,8.0,8,1,1019.6,8,1,60,8,1,29,8,1,0.0,8,1,14.78,8,1,5.2,8,ñk,8,1,ìÏìå,8,1,1021.5,8,1,1020.3,0,8,1
2019/11/16,13.9,8,1,7.8,8,1,20.5,8,1,0,1,8,1,9.4,0,8,1,0,1,8,1,0,1,8,1,2.0,8,1,3.9,8,ñk,8,1,10.0,8,1,1019.4,8,1,63,8,1,42,8,1,0.3,8,1,14.15,8,1,5.6,8,ìåìÏìå,8,1,ìÏìå,8,1,1021.2,8,1,1019.9,0,8,1
2019/11/17,16.2,8,1,10.7,8,1,21.4,8,1,0,1,8,1,5.3,0,8,1,0,1,8,1,0,1,8,1,2.4,8,1,4.9,8,ìÏìå,8,1,9.7,8,1,1019.4,8,1,54,8,1,31,8,1,6.8,8,1,10.34,8,1,8.7,8,ìåìÏìå,8,1,ìÏìå,8,1,1021.2,8,1,1018.4,0,8,1
2019/11/18,17.7,8,1,13.7,8,1,21.4,8,1,12.0,0,8,1,0.0,0,8,1,0,1,8,1,0,1,8,1,4.0,8,1,10.7,8,ìÏìÏìå,8,1,13.9,8,1,1014.7,8,1,69,8,1,55,8,1,9.8,8,1,1.04,8,1,19.1,8,ìÏìå,8,1,êº,8,1,1016.5,8,1,1013.5,0,8,1
2019/11/19,12.4,8,1,11.1,8,1,13.8,8,1,0,1,8,1,0.6,0,8,1,0,1,8,1,0,1,8,1,4.5,8,1,7.0,8,ñkñkêº,8,1,8.1,8,1,1020.3,8,1,56,8,1,46,8,1,9.8,8,1,6.08,8,1,11.9,8,ñk,8,1,ñk,8,1,1022.1,8,1,1018.8,0,8,1
2019/11/20,11.2,8,1,8.4,8,1,15.1,8,1,0,1,8,1,6.3,0,8,1,0,1,8,1,0,1,8,1,3.9,8,1,6.5,8,ñk,8,1,7.3,8,1,1025.8,8,1,55,8,1,42,8,1,4.3,8,1,11.56,8,1,10.4,8,ñkñkêº,8,1,ñk,8,1,1027.6,8,1,1025.0,0,8,1
2019/11/21,11.6,8,1,6.4,8,1,17.7,8,1,0,1,8,1,9.2,0,8,1,0,1,8,1,0,1,8,1,2.0,8,1,5.1,8,ñkìå,8,1,8.4,8,1,1027.4,8,1,63,8,1,40,8,1,0.0,8,1,14.10,8,1,9.0,8,ñkñkìå,8,1,ìÏìå,8,1,1029.3,8,1,1027.5,0,8,1
2019/11/22,13.2,8,1,10.0,8,1,16.8,8,1,0,1,8,1,0.0,0,8,1,0,1,8,1,0,1,8,1,1.2,8,1,2.6,8,ìÏìÏìå,8,1,11.5,8,1,1023.9,8,1,76,8,1,63,8,1,7.5,8,1,3.92,8,1,4.3,8,ìÏìå,8,1,ìåìÏìå,8,1,1025.7,8,1,1023.9,0,8,1
2019/11/23,14.9,8,1,9.4,8,1,20.4,8,1,0,1,8,1,9.2,0,8,1,0,1,8,1,0,1,8,1,1.4,8,1,3.7,8,ñkñkêº,8,1,14.2,8,1,1020.9,8,1,84,8,1,63,8,1,0.0,8,1,13.10,8,1,4.6,8,ñkñkêº,8,1,ñk,8,1,1022.7,8,1,1020.3,0,8,1
2019/11/24,17.5,8,1,13.8,8,1,21.7,8,1,1.5,0,8,1,3.5,0,8,1,0,1,8,1,0,1,8,1,1.8,8,1,8.7,8,ìÏìå,8,1,16.9,8,1,1016.1,8,1,84,8,1,62,8,1,7.8,8,1,5.43,8,1,15.6,8,ìÏìå,8,1,ìåìÏìå,8,1,1017.9,8,1,1014.3,0,8,1
2019/11/25,17.1,8,1,14.5,8,1,19.9,8,1,0.0,0,8,1,0.8,0,8,1,0,1,8,1,0,1,8,1,3.8,8,1,7.8,8,ñkñkêº,8,1,15.6,8,1,1019.6,8,1,80,8,1,69,8,1,9.8,8,1,4.44,8,1,11.5,8,ñk,8,1,ñk,8,1,1021.4,8,1,1018.1,0,8,1
2019/11/26,14.5,8,1,12.3,8,1,17.9,8,1,0.0,0,8,1,7.1,0,8,1,0,1,8,1,0,1,8,1,2.7,8,1,5.1,8,ñk,8,1,10.5,8,1,1024.0,8,1,63,8,1,52,8,1,7.0,8,1,11.97,8,1,7.5,8,ñk,8,1,ñkñkìå,8,1,1025.8,8,1,1023.8,0,8,1
2019/11/27,14.1,8,1,12.1,8,1,16.2,8,1,2.5,0,8,1,0.0,0,8,1,0,1,8,1,0,1,8,1,1.5,8,1,3.6,8,ñkñkìå,8,1,12.3,8,1,1021.1,8,1,77,8,1,63,8,1,10.0,8,1,2.54,8,1,6.1,8,ñk,8,1,ñkñkìå,8,1,1022.9,8,1,1021.1,0,8,1
2019/11/28,12.3,8,1,8.9,8,1,14.5,8,1,7.0,0,8,1,1.2,0,8,1,0,1,8,1,0,1,8,1,2.3,8,1,6.0,8,ñkìå,8,1,10.5,8,1,1021.5,8,1,74,8,1,55,8,1,7.0,8,1,5.11,8,1,9.9,8,ñkìå,8,1,ñkìå,8,1,1023.3,8,1,1020.2,0,8,1
2019/11/29,10.4,8,1,7.1,8,1,15.4,8,1,0.0,0,8,1,7.9,0,8,1,0,1,8,1,0,1,8,1,1.8,5,1,5.2,5,ñkñkêº),5,1,7.7,8,1,1026.1,8,1,62,8,1,38,8,1,1.3,8,1,11.54,8,1,8.3,5,ñkñkêº),5,1,ìÏìÏìå,5,1,1028.0,8,1,1026.8,0,8,1
2019/11/30,11.2,8,1,6.4,8,1,16.8,8,1,0,1,8,1,7.7,0,8,1,0,1,8,1,0,1,8,1,1.9,8,1,5.2,8,ìÏìå,8,1,8.3,8,1,1026.2,8,1,63,8,1,42,8,1,3.8,8,1,12.51,8,1,7.7,8,ìÏìå,8,1,ìÏìå,8,1,1028.0,8,1,1026.3,0,8,1
